004ae714_nohash_0.wav,cat
004ae714_nohash_1.wav,cat
00b01445_nohash_0.wav,cat
00f0204f_nohash_0.wav,cat
00f0204f_nohash_1.wav,cat
00f0204f_nohash_2.wav,cat
012c8314_nohash_0.wav,cat
0132a06d_nohash_0.wav,cat
0137b3f4_nohash_0.wav,cat
01648c51_nohash_0.wav,cat
016e2c6d_nohash_0.wav,cat
01b4757a_nohash_0.wav,cat
01bb6a2a_nohash_0.wav,cat
026290a7_nohash_0.wav,cat
030ec18b_nohash_0.wav,cat
030ec18b_nohash_1.wav,cat
030ec18b_nohash_2.wav,cat
035de8fe_nohash_0.wav,cat
037c445a_nohash_0.wav,cat
03c96658_nohash_0.wav,cat
03cf93b1_nohash_0.wav,cat
0447d7c1_nohash_0.wav,cat
0474c92a_nohash_0.wav,cat
0474c92a_nohash_1.wav,cat
0487ba9b_nohash_0.wav,cat
05739450_nohash_0.wav,cat
05b2db80_nohash_0.wav,cat
05cf43ef_nohash_0.wav,cat
05cf43ef_nohash_1.wav,cat
060cd039_nohash_0.wav,cat
060cd039_nohash_1.wav,cat
060cd039_nohash_2.wav,cat
0685264e_nohash_0.wav,cat
069ab0d5_nohash_0.wav,cat
069ab0d5_nohash_1.wav,cat
079d1020_nohash_0.wav,cat
079dfce3_nohash_0.wav,cat
07ad9b59_nohash_0.wav,cat
0819edb0_nohash_0.wav,cat
0819edb0_nohash_1.wav,cat
0819edb0_nohash_2.wav,cat
093f65a1_nohash_0.wav,cat
095847e4_nohash_0.wav,cat
096456f9_nohash_0.wav,cat
099d52ad_nohash_0.wav,cat
09bcdc9d_nohash_0.wav,cat
09ddc105_nohash_0.wav,cat
09ddc105_nohash_1.wav,cat
0ab3b47d_nohash_0.wav,cat
0ab3b47d_nohash_1.wav,cat
0ac15fe9_nohash_0.wav,cat
0b09edd3_nohash_0.wav,cat
0bd689d7_nohash_0.wav,cat
0c5027de_nohash_0.wav,cat
0cd323ec_nohash_0.wav,cat
0d53e045_nohash_0.wav,cat
0e5193e6_nohash_0.wav,cat
0e5193e6_nohash_1.wav,cat
0ea0e2f4_nohash_0.wav,cat
0f250098_nohash_0.wav,cat
0f250098_nohash_1.wav,cat
0f7205ef_nohash_0.wav,cat
0f7dc557_nohash_0.wav,cat
0fa1e7a9_nohash_0.wav,cat
0ff728b5_nohash_0.wav,cat
102192fd_nohash_0.wav,cat
105a0eea_nohash_0.wav,cat
105a0eea_nohash_1.wav,cat
105a0eea_nohash_2.wav,cat
105e72bb_nohash_0.wav,cat
106a6183_nohash_0.wav,cat
10ace7eb_nohash_0.wav,cat
10c6d873_nohash_0.wav,cat
10c6d873_nohash_1.wav,cat
11099149_nohash_0.wav,cat
11321027_nohash_0.wav,cat
11379f4d_nohash_0.wav,cat
11860c84_nohash_0.wav,cat
11860c84_nohash_1.wav,cat
11860c84_nohash_2.wav,cat
11860c84_nohash_3.wav,cat
11a022ba_nohash_0.wav,cat
11a022ba_nohash_1.wav,cat
11b1df78_nohash_0.wav,cat
11b1df78_nohash_1.wav,cat
122c5aa7_nohash_0.wav,cat
12529547_nohash_0.wav,cat
126403d4_nohash_0.wav,cat
126403d4_nohash_1.wav,cat
126a31d2_nohash_0.wav,cat
129c7d8d_nohash_0.wav,cat
12c206ea_nohash_0.wav,cat
12c206ea_nohash_1.wav,cat
130d9a87_nohash_0.wav,cat
130d9a87_nohash_1.wav,cat
130d9a87_nohash_2.wav,cat
13199b79_nohash_0.wav,cat
13199b79_nohash_1.wav,cat
1338a799_nohash_0.wav,cat
1338a799_nohash_1.wav,cat
1338a799_nohash_2.wav,cat
1338a799_nohash_3.wav,cat
135c6841_nohash_0.wav,cat
1365dd89_nohash_0.wav,cat
13d7b8c9_nohash_0.wav,cat
14587ff0_nohash_0.wav,cat
14775481_nohash_0.wav,cat
14872d06_nohash_0.wav,cat
15b0c947_nohash_0.wav,cat
15c563d7_nohash_0.wav,cat
161fcca8_nohash_0.wav,cat
161fcca8_nohash_1.wav,cat
1625acd8_nohash_0.wav,cat
1625acd8_nohash_1.wav,cat
1626bc5a_nohash_0.wav,cat
1657c9fa_nohash_0.wav,cat
1657c9fa_nohash_1.wav,cat
1678e6f1_nohash_0.wav,cat
1678e6f1_nohash_1.wav,cat
16db1582_nohash_0.wav,cat
16db1582_nohash_1.wav,cat
16db1582_nohash_2.wav,cat
16db1582_nohash_3.wav,cat
16db1582_nohash_4.wav,cat
171b56dc_nohash_0.wav,cat
171b56dc_nohash_1.wav,cat
172dc2b0_nohash_0.wav,cat
173ce2be_nohash_0.wav,cat
173ce2be_nohash_1.wav,cat
173e6bbf_nohash_0.wav,cat
173e6bbf_nohash_1.wav,cat
179a61b7_nohash_0.wav,cat
17f0e206_nohash_0.wav,cat
1816b768_nohash_0.wav,cat
1816b768_nohash_1.wav,cat
1851e33b_nohash_0.wav,cat
1851e33b_nohash_1.wav,cat
187af8be_nohash_0.wav,cat
1887fe04_nohash_0.wav,cat
1887fe04_nohash_1.wav,cat
18a1aab9_nohash_0.wav,cat
18c54a68_nohash_0.wav,cat
190821dc_nohash_0.wav,cat
1993db46_nohash_0.wav,cat
1993db46_nohash_1.wav,cat
1995cf9e_nohash_0.wav,cat
19b05529_nohash_0.wav,cat
19b05529_nohash_1.wav,cat
19e246ad_nohash_0.wav,cat
19f9c115_nohash_0.wav,cat
19f9c115_nohash_1.wav,cat
1a073312_nohash_0.wav,cat
1a4259c3_nohash_0.wav,cat
1a5b9ca4_nohash_0.wav,cat
1a6eca98_nohash_0.wav,cat
1a9afd33_nohash_0.wav,cat
1aed7c6d_nohash_0.wav,cat
1aeef15e_nohash_0.wav,cat
1afd49bf_nohash_0.wav,cat
1b459024_nohash_0.wav,cat
1b4c9b89_nohash_0.wav,cat
1b755c65_nohash_0.wav,cat
1b88bf70_nohash_0.wav,cat
1bb574f9_nohash_0.wav,cat
1bc45db9_nohash_0.wav,cat
1bc45db9_nohash_1.wav,cat
1c1060b1_nohash_0.wav,cat
1c3f4fac_nohash_0.wav,cat
1c3f50ad_nohash_0.wav,cat
1c45ceb2_nohash_0.wav,cat
1cc80e39_nohash_0.wav,cat
1cec8d71_nohash_0.wav,cat
1d1fe0a0_nohash_0.wav,cat
1d1fe0a0_nohash_1.wav,cat
1d919a90_nohash_0.wav,cat
1dce06e8_nohash_0.wav,cat
1dce06e8_nohash_1.wav,cat
1df483c0_nohash_0.wav,cat
1df483c0_nohash_1.wav,cat
1e31353f_nohash_0.wav,cat
1e4064b8_nohash_0.wav,cat
1e4064b8_nohash_1.wav,cat
1e412fac_nohash_0.wav,cat
1e412fac_nohash_1.wav,cat
1e9b215e_nohash_0.wav,cat
1e9b215e_nohash_1.wav,cat
1ecfb537_nohash_0.wav,cat
1f3bece8_nohash_0.wav,cat
1fd85ee4_nohash_0.wav,cat
1fe4c891_nohash_0.wav,cat
1ffd513b_nohash_0.wav,cat
1ffd513b_nohash_1.wav,cat
20174140_nohash_0.wav,cat
20174140_nohash_1.wav,cat
20d3f11f_nohash_0.wav,cat
20d3f11f_nohash_1.wav,cat
20d779bf_nohash_0.wav,cat
21307344_nohash_0.wav,cat
2151b09a_nohash_0.wav,cat
2151b09a_nohash_1.wav,cat
2151b09a_nohash_2.wav,cat
21832144_nohash_0.wav,cat
2197f41c_nohash_0.wav,cat
2197f41c_nohash_1.wav,cat
21cbe292_nohash_0.wav,cat
2250f5f2_nohash_0.wav,cat
2250f5f2_nohash_1.wav,cat
229978fd_nohash_0.wav,cat
22aa3665_nohash_0.wav,cat
22aa3665_nohash_1.wav,cat
22aa3665_nohash_2.wav,cat
2313e093_nohash_0.wav,cat
2313e093_nohash_1.wav,cat
2335770e_nohash_0.wav,cat
234ab0fb_nohash_0.wav,cat
23abe1c9_nohash_0.wav,cat
24694eb6_nohash_0.wav,cat
24ad3ebe_nohash_0.wav,cat
24ad3ebe_nohash_1.wav,cat
24ad3ebe_nohash_2.wav,cat
24b82192_nohash_0.wav,cat
24befdb3_nohash_0.wav,cat
24c9f572_nohash_0.wav,cat
24ed94ab_nohash_0.wav,cat
24ed94ab_nohash_1.wav,cat
25040e85_nohash_0.wav,cat
2510c044_nohash_0.wav,cat
25132942_nohash_0.wav,cat
257251e0_nohash_0.wav,cat
2579e514_nohash_0.wav,cat
25c14394_nohash_0.wav,cat
25c14394_nohash_1.wav,cat
2643992f_nohash_0.wav,cat
2643992f_nohash_1.wav,cat
264f471d_nohash_0.wav,cat
26b28ea7_nohash_0.wav,cat
26b28ea7_nohash_1.wav,cat
26e573a9_nohash_0.wav,cat
26e9ae6b_nohash_0.wav,cat
2796ac50_nohash_0.wav,cat
2796ac50_nohash_1.wav,cat
27b9a84f_nohash_0.wav,cat
27b9a84f_nohash_1.wav,cat
28460a60_nohash_0.wav,cat
28612180_nohash_0.wav,cat
28ce0c58_nohash_0.wav,cat
28ce0c58_nohash_1.wav,cat
28e47b1a_nohash_0.wav,cat
28ed6bc9_nohash_0.wav,cat
28ef2a01_nohash_0.wav,cat
2903efb3_nohash_0.wav,cat
299c14b1_nohash_0.wav,cat
29b81b73_nohash_0.wav,cat
29fb33da_nohash_0.wav,cat
2a0b413e_nohash_0.wav,cat
2a0b413e_nohash_1.wav,cat
2a89ad5c_nohash_0.wav,cat
2a89ad5c_nohash_1.wav,cat
2a89ad5c_nohash_2.wav,cat
2aa787cf_nohash_0.wav,cat
2aa787cf_nohash_1.wav,cat
2aa787cf_nohash_2.wav,cat
2ad772d6_nohash_0.wav,cat
2ad772d6_nohash_1.wav,cat
2aec99ec_nohash_0.wav,cat
2b42e7a2_nohash_0.wav,cat
2b715941_nohash_0.wav,cat
2bdbe5f7_nohash_0.wav,cat
2be08ce4_nohash_0.wav,cat
2c6446f7_nohash_0.wav,cat
2c6d3924_nohash_0.wav,cat
2c7c33e8_nohash_0.wav,cat
2c7c33e8_nohash_1.wav,cat
2cec1d47_nohash_0.wav,cat
2cec1d47_nohash_1.wav,cat
2cec1d47_nohash_2.wav,cat
2d056836_nohash_0.wav,cat
2d82a556_nohash_0.wav,cat
2d92f18b_nohash_0.wav,cat
2da58b32_nohash_0.wav,cat
2dcb6848_nohash_0.wav,cat
2dce72b3_nohash_0.wav,cat
2df590cd_nohash_0.wav,cat
2e0d80f7_nohash_0.wav,cat
2e73212b_nohash_0.wav,cat
2e73212b_nohash_1.wav,cat
2f666bb2_nohash_0.wav,cat
300384f0_nohash_0.wav,cat
300384f0_nohash_1.wav,cat
300384f0_nohash_2.wav,cat
300384f0_nohash_3.wav,cat
30065f33_nohash_0.wav,cat
30065f33_nohash_1.wav,cat
3006c271_nohash_0.wav,cat
3006c271_nohash_1.wav,cat
30137d34_nohash_0.wav,cat
30802c5d_nohash_0.wav,cat
30802c5d_nohash_1.wav,cat
30a09789_nohash_0.wav,cat
30a09789_nohash_1.wav,cat
30aabd44_nohash_0.wav,cat
31267b59_nohash_0.wav,cat
31267b59_nohash_1.wav,cat
31270cb2_nohash_0.wav,cat
31270cb2_nohash_1.wav,cat
31270cb2_nohash_2.wav,cat
3143fdff_nohash_0.wav,cat
3143fdff_nohash_1.wav,cat
31583d30_nohash_0.wav,cat
31583d30_nohash_1.wav,cat
31583d30_nohash_2.wav,cat
31d31fa0_nohash_0.wav,cat
31d31fa0_nohash_1.wav,cat
31d31fa0_nohash_2.wav,cat
31d68957_nohash_0.wav,cat
31d68957_nohash_1.wav,cat
31e686d2_nohash_0.wav,cat
3209ec42_nohash_0.wav,cat
324210dd_nohash_0.wav,cat
32561e9e_nohash_0.wav,cat
325a0c39_nohash_0.wav,cat
325a0c39_nohash_1.wav,cat
32efce64_nohash_0.wav,cat
33246bc2_nohash_0.wav,cat
333784b7_nohash_0.wav,cat
3367cff6_nohash_0.wav,cat
3367cff6_nohash_1.wav,cat
3389305e_nohash_0.wav,cat
338dacf5_nohash_0.wav,cat
33903159_nohash_0.wav,cat
33b5516a_nohash_0.wav,cat
33f60c62_nohash_0.wav,cat
340c8b10_nohash_0.wav,cat
340c8b10_nohash_1.wav,cat
3411cf4b_nohash_0.wav,cat
34805883_nohash_0.wav,cat
34805883_nohash_1.wav,cat
34881b10_nohash_0.wav,cat
34e8c726_nohash_0.wav,cat
353b4d33_nohash_0.wav,cat
35c8fa78_nohash_0.wav,cat
35c8fa78_nohash_1.wav,cat
35d1b6ee_nohash_0.wav,cat
36050ef3_nohash_0.wav,cat
36050ef3_nohash_1.wav,cat
363c6bad_nohash_0.wav,cat
364c0853_nohash_0.wav,cat
364f979f_nohash_0.wav,cat
36746d7f_nohash_0.wav,cat
370844f7_nohash_0.wav,cat
3777c08e_nohash_0.wav,cat
3777c08e_nohash_1.wav,cat
377e916b_nohash_0.wav,cat
37a3cd33_nohash_0.wav,cat
37a3cd33_nohash_1.wav,cat
37b03ab1_nohash_0.wav,cat
37d38e44_nohash_0.wav,cat
37d38e44_nohash_1.wav,cat
37dca74f_nohash_0.wav,cat
380abbad_nohash_0.wav,cat
3824c00e_nohash_0.wav,cat
3852fca2_nohash_0.wav,cat
3852fca2_nohash_1.wav,cat
38c30a4a_nohash_0.wav,cat
38c30a4a_nohash_1.wav,cat
38c30a4a_nohash_2.wav,cat
38c388bc_nohash_0.wav,cat
38c388bc_nohash_1.wav,cat
38d78313_nohash_0.wav,cat
39025b21_nohash_0.wav,cat
3903b558_nohash_0.wav,cat
3903b558_nohash_1.wav,cat
39543cfd_nohash_0.wav,cat
3983ba0d_nohash_0.wav,cat
39a12648_nohash_0.wav,cat
39a45230_nohash_0.wav,cat
39a45230_nohash_1.wav,cat
39a45230_nohash_2.wav,cat
39a6b995_nohash_0.wav,cat
39c13eed_nohash_0.wav,cat
39dce8cc_nohash_0.wav,cat
39ec87ac_nohash_0.wav,cat
3a182c98_nohash_0.wav,cat
3a182c98_nohash_1.wav,cat
3a70ab7f_nohash_0.wav,cat
3a789a0d_nohash_0.wav,cat
3aa6f4e2_nohash_0.wav,cat
3ab9ba07_nohash_0.wav,cat
3ac2e76f_nohash_0.wav,cat
3ac2e76f_nohash_1.wav,cat
3ae5c04f_nohash_0.wav,cat
3b852f6f_nohash_0.wav,cat
3bc21161_nohash_0.wav,cat
3bfd30e6_nohash_0.wav,cat
3c257192_nohash_0.wav,cat
3c8836dc_nohash_0.wav,cat
3c8dc702_nohash_0.wav,cat
3cbd76a3_nohash_0.wav,cat
3d3ddaf8_nohash_0.wav,cat
3d53244b_nohash_0.wav,cat
3d9200b9_nohash_0.wav,cat
3d9200b9_nohash_1.wav,cat
3d9200b9_nohash_2.wav,cat
3df9a3d4_nohash_0.wav,cat
3dfd6c23_nohash_0.wav,cat
3dfd6c23_nohash_1.wav,cat
3e2ba5f7_nohash_0.wav,cat
3e31dffe_nohash_0.wav,cat
3e3b65eb_nohash_0.wav,cat
3e3fa7fd_nohash_0.wav,cat
3e3fa7fd_nohash_1.wav,cat
3e549219_nohash_0.wav,cat
3eb8764c_nohash_0.wav,cat
3eb8764c_nohash_1.wav,cat
3ec05c3d_nohash_0.wav,cat
3ed3e49a_nohash_0.wav,cat
3efa7ec4_nohash_0.wav,cat
3efef882_nohash_0.wav,cat
3efef882_nohash_1.wav,cat
3f339c33_nohash_0.wav,cat
3f6ba067_nohash_0.wav,cat
3fdafe25_nohash_0.wav,cat
402e2977_nohash_0.wav,cat
409c962a_nohash_0.wav,cat
40b60ae9_nohash_0.wav,cat
412c675c_nohash_0.wav,cat
413997c1_nohash_0.wav,cat
413997c1_nohash_1.wav,cat
413997c1_nohash_2.wav,cat
41474817_nohash_0.wav,cat
418e7158_nohash_0.wav,cat
41dce6f5_nohash_0.wav,cat
421ed23f_nohash_0.wav,cat
422f8cf1_nohash_0.wav,cat
4249c833_nohash_0.wav,cat
4249c833_nohash_1.wav,cat
4249c833_nohash_2.wav,cat
4254621e_nohash_0.wav,cat
42c6fff1_nohash_0.wav,cat
42ccb57a_nohash_0.wav,cat
42ccb57a_nohash_1.wav,cat
43691f67_nohash_0.wav,cat
43691f67_nohash_1.wav,cat
437455be_nohash_0.wav,cat
437455be_nohash_1.wav,cat
439c84f4_nohash_0.wav,cat
43f57297_nohash_0.wav,cat
43fc47a7_nohash_0.wav,cat
4407ba92_nohash_0.wav,cat
4422e51d_nohash_0.wav,cat
4422e51d_nohash_1.wav,cat
44715c1c_nohash_0.wav,cat
44715c1c_nohash_1.wav,cat
44c201dd_nohash_0.wav,cat
44c201dd_nohash_1.wav,cat
45adf84a_nohash_0.wav,cat
45adf84a_nohash_1.wav,cat
460f2bad_nohash_0.wav,cat
46114b4e_nohash_0.wav,cat
4620dc14_nohash_0.wav,cat
4620dc14_nohash_1.wav,cat
46a153d8_nohash_0.wav,cat
471a0925_nohash_0.wav,cat
479e64cc_nohash_0.wav,cat
48bdc11c_nohash_0.wav,cat
48e8b82a_nohash_0.wav,cat
49af4432_nohash_0.wav,cat
49f30eed_nohash_0.wav,cat
4a0e2c16_nohash_0.wav,cat
4a0e2c16_nohash_1.wav,cat
4a1e736b_nohash_0.wav,cat
4a294341_nohash_0.wav,cat
4a4e28f1_nohash_0.wav,cat
4a4e28f1_nohash_1.wav,cat
4a803e67_nohash_0.wav,cat
4a803e67_nohash_1.wav,cat
4a803e67_nohash_2.wav,cat
4abb2400_nohash_0.wav,cat
4abb2400_nohash_1.wav,cat
4abefdf5_nohash_0.wav,cat
4abefdf5_nohash_1.wav,cat
4bb1244f_nohash_0.wav,cat
4c4d2526_nohash_0.wav,cat
4c4d2526_nohash_1.wav,cat
4c77947d_nohash_0.wav,cat
4c7c95de_nohash_0.wav,cat
4c7c95de_nohash_1.wav,cat
4ca37738_nohash_0.wav,cat
4d4e17f5_nohash_0.wav,cat
4d9e07cf_nohash_0.wav,cat
4e8c5516_nohash_0.wav,cat
4f086393_nohash_0.wav,cat
4f086393_nohash_1.wav,cat
4f2ab70c_nohash_0.wav,cat
4f2be90f_nohash_0.wav,cat
4f781a59_nohash_0.wav,cat
4f781a59_nohash_1.wav,cat
4f781a59_nohash_2.wav,cat
4fd4d073_nohash_0.wav,cat
4fd4d073_nohash_1.wav,cat
4fe01997_nohash_0.wav,cat
50033893_nohash_0.wav,cat
50033893_nohash_1.wav,cat
50a7d406_nohash_0.wav,cat
50a7d406_nohash_1.wav,cat
50a8ef27_nohash_0.wav,cat
50d1c8e3_nohash_0.wav,cat
50f55535_nohash_0.wav,cat
51055bda_nohash_0.wav,cat
512dc91a_nohash_0.wav,cat
512dc91a_nohash_1.wav,cat
5165cf0a_nohash_0.wav,cat
518588b6_nohash_0.wav,cat
518588b6_nohash_1.wav,cat
51f4d5b0_nohash_0.wav,cat
520e8c0e_nohash_0.wav,cat
5236848b_nohash_0.wav,cat
529eda42_nohash_0.wav,cat
52bfbce8_nohash_0.wav,cat
52bfbce8_nohash_1.wav,cat
52bfbce8_nohash_2.wav,cat
52e228e9_nohash_0.wav,cat
530306f5_nohash_0.wav,cat
533c6564_nohash_0.wav,cat
53458368_nohash_0.wav,cat
53458368_nohash_1.wav,cat
53578f4e_nohash_0.wav,cat
53578f4e_nohash_1.wav,cat
538e1856_nohash_0.wav,cat
53fd1780_nohash_0.wav,cat
53fd1780_nohash_1.wav,cat
53fd1780_nohash_2.wav,cat
541120c7_nohash_0.wav,cat
541120c7_nohash_1.wav,cat
54412eae_nohash_0.wav,cat
5588c7e6_nohash_0.wav,cat
55d3725a_nohash_0.wav,cat
563aa4e6_nohash_0.wav,cat
5677ec77_nohash_0.wav,cat
5677ec77_nohash_1.wav,cat
569455ff_nohash_0.wav,cat
56cd307a_nohash_0.wav,cat
56cd307a_nohash_1.wav,cat
56eab10e_nohash_0.wav,cat
56eab10e_nohash_1.wav,cat
56eb74ae_nohash_0.wav,cat
571c044e_nohash_0.wav,cat
57376a4c_nohash_0.wav,cat
5744b6a7_nohash_0.wav,cat
5744b6a7_nohash_1.wav,cat
57b68383_nohash_0.wav,cat
5828dfa2_nohash_0.wav,cat
58df33b5_nohash_0.wav,cat
59b98a22_nohash_0.wav,cat
59c3a7f2_nohash_0.wav,cat
59c3a7f2_nohash_1.wav,cat
59fe87e6_nohash_0.wav,cat
59fe87e6_nohash_1.wav,cat
5a3712c9_nohash_0.wav,cat
5a3712c9_nohash_1.wav,cat
5a3712c9_nohash_2.wav,cat
5a9f7324_nohash_0.wav,cat
5aac2efa_nohash_0.wav,cat
5ac04a92_nohash_0.wav,cat
5af0ca83_nohash_0.wav,cat
5b09db89_nohash_0.wav,cat
5be23def_nohash_0.wav,cat
5be23def_nohash_1.wav,cat
5c237956_nohash_0.wav,cat
5c39594f_nohash_0.wav,cat
5c8af87a_nohash_0.wav,cat
5d0ab165_nohash_0.wav,cat
5d0ab165_nohash_1.wav,cat
5d0ab165_nohash_2.wav,cat
5d9bb361_nohash_0.wav,cat
5db0e146_nohash_0.wav,cat
5de3f6cc_nohash_0.wav,cat
5de8f2f0_nohash_0.wav,cat
5e3b7a84_nohash_0.wav,cat
5e3b7a84_nohash_1.wav,cat
5e3dde6b_nohash_0.wav,cat
5efb758c_nohash_0.wav,cat
5efb758c_nohash_1.wav,cat
5f1b1051_nohash_0.wav,cat
5f47fdf9_nohash_0.wav,cat
5f47fdf9_nohash_1.wav,cat
5fadb538_nohash_0.wav,cat
5ff3f9a1_nohash_0.wav,cat
5ff3f9a1_nohash_1.wav,cat
5ff3f9a1_nohash_2.wav,cat
6021f08b_nohash_0.wav,cat
6021f08b_nohash_1.wav,cat
6021f08b_nohash_2.wav,cat
6071a214_nohash_0.wav,cat
6094340e_nohash_0.wav,cat
611d2b50_nohash_0.wav,cat
6166ae21_nohash_0.wav,cat
617de221_nohash_0.wav,cat
61bcb275_nohash_0.wav,cat
6205088b_nohash_0.wav,cat
62581901_nohash_0.wav,cat
62605293_nohash_0.wav,cat
62605293_nohash_1.wav,cat
62641b88_nohash_0.wav,cat
62641b88_nohash_1.wav,cat
627c0bec_nohash_0.wav,cat
62ef962d_nohash_0.wav,cat
6366f61a_nohash_0.wav,cat
637c702a_nohash_0.wav,cat
638548d5_nohash_0.wav,cat
6414258b_nohash_0.wav,cat
6414258b_nohash_1.wav,cat
6414258b_nohash_2.wav,cat
6414258b_nohash_3.wav,cat
64220627_nohash_0.wav,cat
64da5281_nohash_0.wav,cat
64da5281_nohash_1.wav,cat
64f83f0e_nohash_0.wav,cat
64f83f0e_nohash_1.wav,cat
65040d9b_nohash_0.wav,cat
650daf8e_nohash_0.wav,cat
650daf8e_nohash_1.wav,cat
652b3da7_nohash_0.wav,cat
652b3da7_nohash_1.wav,cat
652b3da7_nohash_2.wav,cat
656e8bb3_nohash_0.wav,cat
656e8bb3_nohash_1.wav,cat
656e8bb3_nohash_2.wav,cat
656e8bb3_nohash_3.wav,cat
659b7fae_nohash_0.wav,cat
65c73b55_nohash_0.wav,cat
65c73b55_nohash_1.wav,cat
65d14087_nohash_0.wav,cat
65d81c54_nohash_0.wav,cat
65d81c54_nohash_1.wav,cat
66041c69_nohash_0.wav,cat
66276b0e_nohash_0.wav,cat
66774579_nohash_0.wav,cat
66a412a7_nohash_0.wav,cat
66aa0f29_nohash_0.wav,cat
66cff190_nohash_0.wav,cat
66cff190_nohash_1.wav,cat
6727b579_nohash_0.wav,cat
6736bc64_nohash_0.wav,cat
6794a793_nohash_0.wav,cat
67c7fecb_nohash_0.wav,cat
67c7fecb_nohash_1.wav,cat
67fcdb05_nohash_0.wav,cat
682e1687_nohash_0.wav,cat
682e1687_nohash_1.wav,cat
6846af18_nohash_0.wav,cat
686d030b_nohash_0.wav,cat
68dd409e_nohash_0.wav,cat
68effe85_nohash_0.wav,cat
68effe85_nohash_1.wav,cat
692a88e6_nohash_0.wav,cat
695c2127_nohash_0.wav,cat
6982fc2a_nohash_0.wav,cat
69953f48_nohash_0.wav,cat
69f609ec_nohash_0.wav,cat
6a014b29_nohash_0.wav,cat
6a014b29_nohash_1.wav,cat
6a1908f8_nohash_0.wav,cat
6a2fb9a5_nohash_0.wav,cat
6a497f80_nohash_0.wav,cat
6a700f9d_nohash_0.wav,cat
6ac35824_nohash_0.wav,cat
6ac35824_nohash_1.wav,cat
6add0595_nohash_0.wav,cat
6af4aa07_nohash_0.wav,cat
6b81fead_nohash_0.wav,cat
6b81fead_nohash_1.wav,cat
6b889021_nohash_0.wav,cat
6c0f6493_nohash_0.wav,cat
6c2dd2d5_nohash_0.wav,cat
6c429c7b_nohash_0.wav,cat
6c9223bd_nohash_0.wav,cat
6c9223bd_nohash_1.wav,cat
6c968bd9_nohash_0.wav,cat
6cc28ce5_nohash_0.wav,cat
6cf5459b_nohash_0.wav,cat
6cf5459b_nohash_1.wav,cat
6d0ad764_nohash_0.wav,cat
6d1dcca6_nohash_0.wav,cat
6dfff95a_nohash_0.wav,cat
6e2ef3d5_nohash_0.wav,cat
6e2ef3d5_nohash_1.wav,cat
6e2ef3d5_nohash_2.wav,cat
6e2ef3d5_nohash_3.wav,cat
6e41a77e_nohash_0.wav,cat
6ef76186_nohash_0.wav,cat
6f1ffef6_nohash_0.wav,cat
6f2f57c1_nohash_0.wav,cat
6f342826_nohash_0.wav,cat
6f342826_nohash_1.wav,cat
6f3458b3_nohash_0.wav,cat
6f5eea74_nohash_0.wav,cat
6f689791_nohash_0.wav,cat
6f7724f5_nohash_0.wav,cat
6f7724f5_nohash_1.wav,cat
6fca237d_nohash_0.wav,cat
7081436f_nohash_0.wav,cat
7081436f_nohash_1.wav,cat
708a9569_nohash_0.wav,cat
708b8d51_nohash_0.wav,cat
7096522d_nohash_0.wav,cat
7096522d_nohash_1.wav,cat
7096522d_nohash_2.wav,cat
70a00e98_nohash_0.wav,cat
7106d229_nohash_0.wav,cat
7106d229_nohash_1.wav,cat
7117fb6d_nohash_0.wav,cat
7117fb6d_nohash_1.wav,cat
7117fb6d_nohash_2.wav,cat
7117fb6d_nohash_3.wav,cat
712e4d58_nohash_0.wav,cat
71904de3_nohash_0.wav,cat
7192fddc_nohash_0.wav,cat
7195ffa6_nohash_0.wav,cat
71e6ab20_nohash_0.wav,cat
71f6fed7_nohash_0.wav,cat
7211390b_nohash_0.wav,cat
72198b96_nohash_0.wav,cat
72198b96_nohash_1.wav,cat
72198b96_nohash_2.wav,cat
721f767c_nohash_0.wav,cat
723efc4c_nohash_0.wav,cat
726382d6_nohash_0.wav,cat
726382d6_nohash_1.wav,cat
72aa7259_nohash_0.wav,cat
72aa7259_nohash_1.wav,cat
72aa7259_nohash_2.wav,cat
72d75d96_nohash_0.wav,cat
7303215d_nohash_0.wav,cat
7303215d_nohash_1.wav,cat
73124b26_nohash_0.wav,cat
7318280c_nohash_0.wav,cat
7318280c_nohash_1.wav,cat
735845ab_nohash_0.wav,cat
73af0c50_nohash_0.wav,cat
73f0c1f7_nohash_0.wav,cat
73f0c1f7_nohash_1.wav,cat
742d6431_nohash_0.wav,cat
74551073_nohash_0.wav,cat
74551073_nohash_1.wav,cat
745a8e32_nohash_0.wav,cat
747e69fd_nohash_0.wav,cat
747e69fd_nohash_1.wav,cat
748cb308_nohash_0.wav,cat
75b631ff_nohash_0.wav,cat
763188c4_nohash_0.wav,cat
76b58705_nohash_0.wav,cat
76b58705_nohash_1.wav,cat
76b58705_nohash_2.wav,cat
76e53db9_nohash_0.wav,cat
772db621_nohash_0.wav,cat
778a4a01_nohash_0.wav,cat
7799c9cd_nohash_0.wav,cat
77ac58c5_nohash_0.wav,cat
77def3ee_nohash_0.wav,cat
77f185d3_nohash_0.wav,cat
78102205_nohash_0.wav,cat
78102205_nohash_1.wav,cat
782c1305_nohash_0.wav,cat
782c1305_nohash_1.wav,cat
7846fd85_nohash_0.wav,cat
784e281a_nohash_0.wav,cat
78622c2b_nohash_0.wav,cat
78884794_nohash_0.wav,cat
78884794_nohash_1.wav,cat
789e4ee7_nohash_0.wav,cat
789e4ee7_nohash_1.wav,cat
7b301939_nohash_0.wav,cat
7b301939_nohash_1.wav,cat
7bae88ed_nohash_0.wav,cat
7be5a0f3_nohash_0.wav,cat
7be5a0f3_nohash_1.wav,cat
7be5a0f3_nohash_2.wav,cat
7bf801d1_nohash_0.wav,cat
7bf801d1_nohash_1.wav,cat
7bf801d1_nohash_2.wav,cat
7bf801d1_nohash_3.wav,cat
7c1d8533_nohash_0.wav,cat
7c2a3fa4_nohash_0.wav,cat
7c75a504_nohash_0.wav,cat
7c9b43f0_nohash_0.wav,cat
7c9b43f0_nohash_1.wav,cat
7cb5c0b7_nohash_0.wav,cat
7cfb1618_nohash_0.wav,cat
7d149b38_nohash_0.wav,cat
7d5f87c8_nohash_0.wav,cat
7d5f87c8_nohash_1.wav,cat
7d8babdb_nohash_0.wav,cat
7d8babdb_nohash_1.wav,cat
7dc50b88_nohash_0.wav,cat
7dc95912_nohash_0.wav,cat
7e1054e7_nohash_0.wav,cat
7e2d5caf_nohash_0.wav,cat
7e4fa1d8_nohash_0.wav,cat
7e4fa1d8_nohash_1.wav,cat
7e4fa1d8_nohash_2.wav,cat
7e556a2c_nohash_0.wav,cat
7e556a2c_nohash_1.wav,cat
7e556a2c_nohash_2.wav,cat
7e556a2c_nohash_3.wav,cat
7e6bd776_nohash_0.wav,cat
7ea032f3_nohash_0.wav,cat
7eee5973_nohash_0.wav,cat
7f17667c_nohash_0.wav,cat
7f17667c_nohash_1.wav,cat
7f17667c_nohash_2.wav,cat
7f17667c_nohash_3.wav,cat
7f74626f_nohash_0.wav,cat
7fa5fa1f_nohash_0.wav,cat
7fd25f7c_nohash_0.wav,cat
7ff4fc72_nohash_0.wav,cat
7ff4fc72_nohash_1.wav,cat
8012c69d_nohash_0.wav,cat
8056e897_nohash_0.wav,cat
8056e897_nohash_1.wav,cat
80b8eab4_nohash_0.wav,cat
80c17118_nohash_0.wav,cat
80c17118_nohash_1.wav,cat
80f056c0_nohash_0.wav,cat
80fe1dc7_nohash_0.wav,cat
810c99be_nohash_0.wav,cat
8134f43f_nohash_0.wav,cat
813b82a6_nohash_0.wav,cat
815f0f03_nohash_0.wav,cat
815f0f03_nohash_1.wav,cat
81a345a3_nohash_0.wav,cat
81dc4a94_nohash_0.wav,cat
81dc4a94_nohash_1.wav,cat
82305c3a_nohash_0.wav,cat
826268f8_nohash_0.wav,cat
826268f8_nohash_1.wav,cat
826268f8_nohash_2.wav,cat
826268f8_nohash_3.wav,cat
826268f8_nohash_4.wav,cat
8281a2a8_nohash_0.wav,cat
82b99576_nohash_0.wav,cat
82c6d220_nohash_0.wav,cat
82e7204d_nohash_0.wav,cat
8335f893_nohash_0.wav,cat
833a0279_nohash_0.wav,cat
834f03fe_nohash_0.wav,cat
83957201_nohash_0.wav,cat
83957201_nohash_1.wav,cat
83957201_nohash_2.wav,cat
83c9e7e6_nohash_0.wav,cat
83c9e7e6_nohash_1.wav,cat
83f9c4ab_nohash_0.wav,cat
83f9c4ab_nohash_1.wav,cat
83f9c4ab_nohash_2.wav,cat
840c366d_nohash_0.wav,cat
840c366d_nohash_1.wav,cat
840c366d_nohash_2.wav,cat
840eab5a_nohash_0.wav,cat
8494fba8_nohash_0.wav,cat
84bf12ff_nohash_0.wav,cat
850e2222_nohash_0.wav,cat
850e2222_nohash_1.wav,cat
8523766b_nohash_0.wav,cat
8549f25d_nohash_0.wav,cat
857366dd_nohash_0.wav,cat
8601f33b_nohash_0.wav,cat
8625475c_nohash_0.wav,cat
863880b7_nohash_0.wav,cat
863880b7_nohash_1.wav,cat
86478fab_nohash_0.wav,cat
86648261_nohash_0.wav,cat
86b89661_nohash_0.wav,cat
86cb59b2_nohash_0.wav,cat
87014d40_nohash_0.wav,cat
87014d40_nohash_1.wav,cat
87014d40_nohash_2.wav,cat
87728a88_nohash_0.wav,cat
87728a88_nohash_1.wav,cat
87eff300_nohash_0.wav,cat
88120683_nohash_0.wav,cat
88120683_nohash_1.wav,cat
88120683_nohash_2.wav,cat
8830e17f_nohash_0.wav,cat
884ae8e1_nohash_0.wav,cat
888a0c49_nohash_0.wav,cat
88a487ce_nohash_0.wav,cat
88f3719f_nohash_0.wav,cat
88f8a99c_nohash_0.wav,cat
890e4ee2_nohash_0.wav,cat
890e4ee2_nohash_1.wav,cat
8931f494_nohash_0.wav,cat
89865a6f_nohash_0.wav,cat
89865a6f_nohash_1.wav,cat
89ed36ab_nohash_0.wav,cat
89ed36ab_nohash_1.wav,cat
89f680f3_nohash_0.wav,cat
8a1c449e_nohash_0.wav,cat
8a325749_nohash_0.wav,cat
8a56f36e_nohash_0.wav,cat
8a56f36e_nohash_1.wav,cat
8a5acefd_nohash_0.wav,cat
8a5acefd_nohash_1.wav,cat
8a744054_nohash_0.wav,cat
8aa35b0c_nohash_0.wav,cat
8aa35b0c_nohash_1.wav,cat
8aa35b0c_nohash_2.wav,cat
8aa35b0c_nohash_3.wav,cat
8b39e36f_nohash_0.wav,cat
8b39e36f_nohash_1.wav,cat
8b775397_nohash_0.wav,cat
8bbd98d0_nohash_0.wav,cat
8bf6acb9_nohash_0.wav,cat
8c7b691a_nohash_0.wav,cat
8c7c9168_nohash_0.wav,cat
8c7c9168_nohash_1.wav,cat
8c7c9168_nohash_2.wav,cat
8d4cdc60_nohash_0.wav,cat
8d4cdc60_nohash_1.wav,cat
8d4cdc60_nohash_2.wav,cat
8d5d076d_nohash_0.wav,cat
8e05039f_nohash_0.wav,cat
8e884ec4_nohash_0.wav,cat
8ea22de7_nohash_0.wav,cat
8eb4a1bf_nohash_0.wav,cat
8ec6dab6_nohash_0.wav,cat
8ed25ef8_nohash_0.wav,cat
8f0d3c27_nohash_0.wav,cat
8f0d3c27_nohash_1.wav,cat
8f0d3c27_nohash_2.wav,cat
8f4c551f_nohash_0.wav,cat
8f811bbc_nohash_0.wav,cat
8f811bbc_nohash_1.wav,cat
8fe52b97_nohash_0.wav,cat
902258bb_nohash_0.wav,cat
90804775_nohash_0.wav,cat
9080f6d3_nohash_0.wav,cat
90b94017_nohash_0.wav,cat
91223b83_nohash_0.wav,cat
91223b83_nohash_1.wav,cat
918a2473_nohash_0.wav,cat
9190045a_nohash_0.wav,cat
919d3c0e_nohash_0.wav,cat
9229bff9_nohash_0.wav,cat
9229bff9_nohash_1.wav,cat
92a9c5e6_nohash_0.wav,cat
92b0a735_nohash_0.wav,cat
92b0a735_nohash_1.wav,cat
92b0a735_nohash_2.wav,cat
92e17cc4_nohash_0.wav,cat
92e17cc4_nohash_1.wav,cat
9385508d_nohash_0.wav,cat
9385508d_nohash_1.wav,cat
93ec8b84_nohash_0.wav,cat
93ec8b84_nohash_1.wav,cat
93f30cc4_nohash_0.wav,cat
93f30cc4_nohash_1.wav,cat
94de6a6a_nohash_0.wav,cat
95218ce8_nohash_0.wav,cat
953fe1ad_nohash_0.wav,cat
95ba4996_nohash_0.wav,cat
95ba4996_nohash_1.wav,cat
96105282_nohash_0.wav,cat
962f27eb_nohash_0.wav,cat
9637f43f_nohash_0.wav,cat
9637f43f_nohash_1.wav,cat
9637f43f_nohash_2.wav,cat
9637f43f_nohash_3.wav,cat
964e8cfd_nohash_0.wav,cat
96a48d28_nohash_0.wav,cat
96ab6565_nohash_0.wav,cat
96c66ab7_nohash_0.wav,cat
96c66ab7_nohash_1.wav,cat
96c66ab7_nohash_2.wav,cat
96cd0255_nohash_0.wav,cat
97101ef3_nohash_0.wav,cat
97101ef3_nohash_1.wav,cat
9712cce0_nohash_0.wav,cat
9712cce0_nohash_1.wav,cat
9735764a_nohash_0.wav,cat
977a3be4_nohash_0.wav,cat
97ae8b25_nohash_0.wav,cat
97ae8b25_nohash_1.wav,cat
97e0c576_nohash_0.wav,cat
97e0c576_nohash_1.wav,cat
97e0c576_nohash_2.wav,cat
97f4c236_nohash_0.wav,cat
981e2a16_nohash_0.wav,cat
981e2a16_nohash_1.wav,cat
981e2a16_nohash_2.wav,cat
98582fee_nohash_0.wav,cat
9886d8bf_nohash_0.wav,cat
99081f4d_nohash_0.wav,cat
99081f4d_nohash_1.wav,cat
99081f4d_nohash_2.wav,cat
99a9b015_nohash_0.wav,cat
99e6cab8_nohash_0.wav,cat
9a4d12fd_nohash_0.wav,cat
9a69672b_nohash_0.wav,cat
9a8d8d34_nohash_0.wav,cat
9aa21fa9_nohash_0.wav,cat
9aa5439d_nohash_0.wav,cat
9aa5439d_nohash_1.wav,cat
9aa5439d_nohash_2.wav,cat
9ab86dd0_nohash_0.wav,cat
9acd0254_nohash_0.wav,cat
9b027ecf_nohash_0.wav,cat
9b3ea809_nohash_0.wav,cat
9b5815cd_nohash_0.wav,cat
9bea2ac7_nohash_0.wav,cat
9bea2ac7_nohash_1.wav,cat
9beccfc8_nohash_0.wav,cat
9c06a3f3_nohash_0.wav,cat
9c59dd28_nohash_0.wav,cat
9cde5de8_nohash_0.wav,cat
9ce7a419_nohash_0.wav,cat
9ce7a419_nohash_1.wav,cat
9d171fee_nohash_0.wav,cat
9d171fee_nohash_1.wav,cat
9d32f10a_nohash_0.wav,cat
9d7036f9_nohash_0.wav,cat
9d8ac38b_nohash_0.wav,cat
9d8ac38b_nohash_1.wav,cat
9db2bfe9_nohash_0.wav,cat
9dc1889e_nohash_0.wav,cat
9dcfba4b_nohash_0.wav,cat
9dcfba4b_nohash_1.wav,cat
9e2ce5e3_nohash_0.wav,cat
9e42ae25_nohash_0.wav,cat
9f6fbdb4_nohash_0.wav,cat
9f6fbdb4_nohash_1.wav,cat
9f7079fe_nohash_0.wav,cat
9f7079fe_nohash_1.wav,cat
9f7079fe_nohash_2.wav,cat
9f7079fe_nohash_3.wav,cat
9f869f70_nohash_0.wav,cat
9f869f70_nohash_1.wav,cat
9f869f70_nohash_2.wav,cat
9ff2d2f4_nohash_0.wav,cat
a108341b_nohash_0.wav,cat
a13e0a74_nohash_0.wav,cat
a13e0a74_nohash_1.wav,cat
a1533da4_nohash_0.wav,cat
a16b3102_nohash_0.wav,cat
a19452d5_nohash_0.wav,cat
a1a59b72_nohash_0.wav,cat
a1cff772_nohash_0.wav,cat
a1dd919f_nohash_0.wav,cat
a243fcc2_nohash_0.wav,cat
a24582a0_nohash_0.wav,cat
a2473d62_nohash_0.wav,cat
a2473d62_nohash_1.wav,cat
a2fefcb4_nohash_0.wav,cat
a3502f15_nohash_0.wav,cat
a3fc7884_nohash_0.wav,cat
a42a88ff_nohash_0.wav,cat
a42a88ff_nohash_1.wav,cat
a42a88ff_nohash_2.wav,cat
a4b21cbc_nohash_0.wav,cat
a4b21cbc_nohash_1.wav,cat
a4ca3afe_nohash_0.wav,cat
a4e8a997_nohash_0.wav,cat
a4e8a997_nohash_1.wav,cat
a50a98d2_nohash_0.wav,cat
a518d1cf_nohash_0.wav,cat
a518d1cf_nohash_1.wav,cat
a518d1cf_nohash_2.wav,cat
a527cb3c_nohash_0.wav,cat
a5609cce_nohash_0.wav,cat
a5609cce_nohash_1.wav,cat
a583c5b0_nohash_0.wav,cat
a583c5b0_nohash_1.wav,cat
a5b24175_nohash_0.wav,cat
a6285644_nohash_0.wav,cat
a6d586b7_nohash_0.wav,cat
a709ddd3_nohash_0.wav,cat
a709ddd3_nohash_1.wav,cat
a74f3917_nohash_0.wav,cat
a7545b9f_nohash_0.wav,cat
a759efbc_nohash_0.wav,cat
a827e3a1_nohash_0.wav,cat
a8688b67_nohash_0.wav,cat
a8688b67_nohash_1.wav,cat
a8cb6dda_nohash_0.wav,cat
a8cf01bc_nohash_0.wav,cat
a8cf01bc_nohash_1.wav,cat
a8e25ebb_nohash_0.wav,cat
a8f45bdc_nohash_0.wav,cat
a8f45bdc_nohash_1.wav,cat
a8f45bdc_nohash_2.wav,cat
a8f45bdc_nohash_3.wav,cat
a902ce9b_nohash_0.wav,cat
a97017df_nohash_0.wav,cat
a996cf66_nohash_0.wav,cat
a996cf66_nohash_1.wav,cat
a9abc695_nohash_0.wav,cat
a9abc695_nohash_1.wav,cat
a9abc695_nohash_2.wav,cat
a9b574b3_nohash_0.wav,cat
a9b574b3_nohash_1.wav,cat
aa233654_nohash_0.wav,cat
aa233654_nohash_1.wav,cat
aa48c94a_nohash_0.wav,cat
aa62fdad_nohash_0.wav,cat
aa62fdad_nohash_1.wav,cat
aa62fdad_nohash_2.wav,cat
aa753bb9_nohash_0.wav,cat
aac5b7c1_nohash_0.wav,cat
ab1299bb_nohash_0.wav,cat
ab353673_nohash_0.wav,cat
ab353673_nohash_1.wav,cat
ab353673_nohash_2.wav,cat
ab5ae445_nohash_0.wav,cat
ab5ae445_nohash_1.wav,cat
ab5b211a_nohash_0.wav,cat
ab5d7179_nohash_0.wav,cat
ab7b5acd_nohash_0.wav,cat
ab81c9c8_nohash_0.wav,cat
ab81c9c8_nohash_1.wav,cat
aba19127_nohash_0.wav,cat
abbfc3b4_nohash_0.wav,cat
ac4b3fc3_nohash_0.wav,cat
ad1429cf_nohash_0.wav,cat
ad1429cf_nohash_1.wav,cat
ad340ed7_nohash_0.wav,cat
ad63d93c_nohash_0.wav,cat
adb45ef2_nohash_0.wav,cat
adc216c5_nohash_0.wav,cat
adec6a94_nohash_0.wav,cat
adec6a94_nohash_1.wav,cat
ae04cdbe_nohash_0.wav,cat
ae71797c_nohash_0.wav,cat
ae82c78c_nohash_0.wav,cat
ae82c78c_nohash_1.wav,cat
aeb99b1c_nohash_0.wav,cat
aeb99b1c_nohash_1.wav,cat
aef8dcf5_nohash_0.wav,cat
af130f12_nohash_0.wav,cat
af130f12_nohash_1.wav,cat
af30314d_nohash_0.wav,cat
af7a8296_nohash_0.wav,cat
af7a8296_nohash_1.wav,cat
afb9e62e_nohash_0.wav,cat
afbec28d_nohash_0.wav,cat
afbec28d_nohash_1.wav,cat
afd53389_nohash_0.wav,cat
afe0b87d_nohash_0.wav,cat
aff582a1_nohash_0.wav,cat
b00c4c53_nohash_0.wav,cat
b00c4c53_nohash_1.wav,cat
b00c4c53_nohash_2.wav,cat
b00c4c53_nohash_3.wav,cat
b00dff7e_nohash_0.wav,cat
b00dff7e_nohash_1.wav,cat
b01c8f61_nohash_0.wav,cat
b06c19b0_nohash_0.wav,cat
b06c19b0_nohash_1.wav,cat
b06c19b0_nohash_2.wav,cat
b087aa0e_nohash_0.wav,cat
b087aa0e_nohash_1.wav,cat
b087aa0e_nohash_2.wav,cat
b0bad4a9_nohash_0.wav,cat
b1114e4f_nohash_0.wav,cat
b1114e4f_nohash_1.wav,cat
b11a05d2_nohash_0.wav,cat
b12bef84_nohash_0.wav,cat
b1426003_nohash_0.wav,cat
b1426003_nohash_1.wav,cat
b1426003_nohash_2.wav,cat
b1426003_nohash_3.wav,cat
b15fc37d_nohash_0.wav,cat
b15fc37d_nohash_1.wav,cat
b16f2d0d_nohash_0.wav,cat
b19f7f5f_nohash_0.wav,cat
b1de039c_nohash_0.wav,cat
b1df80c0_nohash_0.wav,cat
b1df80c0_nohash_1.wav,cat
b1df80c0_nohash_2.wav,cat
b1f8326d_nohash_0.wav,cat
b21f0fa4_nohash_0.wav,cat
b21f0fa4_nohash_1.wav,cat
b25b6065_nohash_0.wav,cat
b26343e9_nohash_0.wav,cat
b2e2773a_nohash_0.wav,cat
b2fbe484_nohash_0.wav,cat
b2fbe484_nohash_1.wav,cat
b2fbe484_nohash_2.wav,cat
b31ad508_nohash_0.wav,cat
b3327675_nohash_0.wav,cat
b3327675_nohash_1.wav,cat
b3327675_nohash_2.wav,cat
b36c27c2_nohash_0.wav,cat
b3849d6e_nohash_0.wav,cat
b3bb4dd6_nohash_0.wav,cat
b3bb4dd6_nohash_1.wav,cat
b3bdded5_nohash_0.wav,cat
b3bdded5_nohash_1.wav,cat
b433332a_nohash_0.wav,cat
b43c8f2f_nohash_0.wav,cat
b43de700_nohash_0.wav,cat
b4604db4_nohash_0.wav,cat
b46e8153_nohash_0.wav,cat
b46e8153_nohash_1.wav,cat
b49caed3_nohash_0.wav,cat
b4aa9fef_nohash_0.wav,cat
b4bef564_nohash_0.wav,cat
b544d4fd_nohash_0.wav,cat
b544d4fd_nohash_1.wav,cat
b5552931_nohash_0.wav,cat
b55a09be_nohash_0.wav,cat
b55a09be_nohash_1.wav,cat
b5935410_nohash_0.wav,cat
b59fa113_nohash_0.wav,cat
b59fa113_nohash_1.wav,cat
b59fe16d_nohash_0.wav,cat
b59fe16d_nohash_1.wav,cat
b5aacf2c_nohash_0.wav,cat
b63fea9e_nohash_0.wav,cat
b63fea9e_nohash_1.wav,cat
b65f6015_nohash_0.wav,cat
b65f6015_nohash_1.wav,cat
b665723d_nohash_0.wav,cat
b7016c27_nohash_0.wav,cat
b72e58c9_nohash_0.wav,cat
b72e58c9_nohash_1.wav,cat
b737ee80_nohash_0.wav,cat
b7669804_nohash_0.wav,cat
b7669804_nohash_1.wav,cat
b7a0754f_nohash_0.wav,cat
b80d6c5e_nohash_0.wav,cat
b83c1acf_nohash_0.wav,cat
b87bdb22_nohash_0.wav,cat
b8872c20_nohash_0.wav,cat
b8897f1c_nohash_0.wav,cat
b8b8cb52_nohash_0.wav,cat
b8c48ffb_nohash_0.wav,cat
b93528e3_nohash_0.wav,cat
b9515bf3_nohash_0.wav,cat
b959cd0c_nohash_0.wav,cat
b97c9f77_nohash_0.wav,cat
b9cccd01_nohash_0.wav,cat
b9cccd01_nohash_1.wav,cat
b9f46737_nohash_0.wav,cat
ba59cab3_nohash_0.wav,cat
ba676390_nohash_0.wav,cat
ba676390_nohash_1.wav,cat
ba770f9b_nohash_0.wav,cat
bab36420_nohash_0.wav,cat
baeac2ba_nohash_0.wav,cat
baf01c1f_nohash_0.wav,cat
bb31b82b_nohash_0.wav,cat
bbaa7946_nohash_0.wav,cat
bbbf4fbd_nohash_0.wav,cat
bbd0bbd0_nohash_0.wav,cat
bc065a17_nohash_0.wav,cat
bc196f81_nohash_0.wav,cat
bca56796_nohash_0.wav,cat
bca56796_nohash_1.wav,cat
bcdaa7a9_nohash_0.wav,cat
bcdaa7a9_nohash_1.wav,cat
bcdaa7a9_nohash_2.wav,cat
bd061bef_nohash_0.wav,cat
bd11a2e7_nohash_0.wav,cat
bd2db1a5_nohash_0.wav,cat
bdee441c_nohash_0.wav,cat
be7a5b2d_nohash_0.wav,cat
be7fa0a3_nohash_0.wav,cat
beb49c22_nohash_0.wav,cat
becd5a53_nohash_0.wav,cat
bf4af1af_nohash_0.wav,cat
bf5d409d_nohash_0.wav,cat
bf5d409d_nohash_1.wav,cat
bf70feda_nohash_0.wav,cat
bf70feda_nohash_1.wav,cat
bf8d5617_nohash_0.wav,cat
bf8d5617_nohash_1.wav,cat
bf90a57a_nohash_0.wav,cat
bf90a57a_nohash_1.wav,cat
bfa63751_nohash_0.wav,cat
bfaf2000_nohash_0.wav,cat
bfaf2000_nohash_1.wav,cat
bfdb9801_nohash_0.wav,cat
c013fe4d_nohash_0.wav,cat
c013fe4d_nohash_1.wav,cat
c0445658_nohash_0.wav,cat
c08e5058_nohash_0.wav,cat
c08e5058_nohash_1.wav,cat
c08e5058_nohash_2.wav,cat
c08e5058_nohash_3.wav,cat
c0c0d87d_nohash_0.wav,cat
c0f8f4df_nohash_0.wav,cat
c0fb6812_nohash_0.wav,cat
c0fb6812_nohash_1.wav,cat
c103a2d5_nohash_0.wav,cat
c103a2d5_nohash_1.wav,cat
c103a2d5_nohash_2.wav,cat
c120e80e_nohash_0.wav,cat
c120e80e_nohash_1.wav,cat
c120e80e_nohash_2.wav,cat
c137814b_nohash_0.wav,cat
c1b7c224_nohash_0.wav,cat
c1d39ce8_nohash_0.wav,cat
c1e0e8e3_nohash_0.wav,cat
c22d3f18_nohash_0.wav,cat
c24d96eb_nohash_0.wav,cat
c25a032b_nohash_0.wav,cat
c2bc4489_nohash_0.wav,cat
c2df23b2_nohash_0.wav,cat
c2df23b2_nohash_1.wav,cat
c37a72d3_nohash_0.wav,cat
c37a72d3_nohash_1.wav,cat
c392e01d_nohash_0.wav,cat
c44d2a58_nohash_0.wav,cat
c44d2a58_nohash_1.wav,cat
c4500713_nohash_0.wav,cat
c4f875a9_nohash_0.wav,cat
c518d1b1_nohash_0.wav,cat
c53b335a_nohash_0.wav,cat
c5570933_nohash_0.wav,cat
c5570933_nohash_1.wav,cat
c578beb0_nohash_0.wav,cat
c578beb0_nohash_1.wav,cat
c5c60d8d_nohash_0.wav,cat
c634a189_nohash_0.wav,cat
c661be6e_nohash_0.wav,cat
c68cf200_nohash_0.wav,cat
c68cf200_nohash_1.wav,cat
c692524d_nohash_0.wav,cat
c6a23ff5_nohash_0.wav,cat