00176480_nohash_0.wav,bed
004ae714_nohash_0.wav,bed
004ae714_nohash_1.wav,bed
00f0204f_nohash_0.wav,bed
00f0204f_nohash_1.wav,bed
012c8314_nohash_0.wav,bed
012c8314_nohash_1.wav,bed
0132a06d_nohash_0.wav,bed
0135f3f2_nohash_0.wav,bed
0137b3f4_nohash_0.wav,bed
014f9f65_nohash_0.wav,bed
01648c51_nohash_0.wav,bed
01648c51_nohash_1.wav,bed
016e2c6d_nohash_0.wav,bed
01b4757a_nohash_0.wav,bed
01b4757a_nohash_1.wav,bed
01bcfc0c_nohash_0.wav,bed
0227998e_nohash_0.wav,bed
026290a7_nohash_0.wav,bed
02746d24_nohash_0.wav,bed
035de8fe_nohash_0.wav,bed
0362539c_nohash_0.wav,bed
0362539c_nohash_1.wav,bed
037c445a_nohash_0.wav,bed
0397ecda_nohash_0.wav,bed
03c96658_nohash_0.wav,bed
042186b8_nohash_0.wav,bed
042ea76c_nohash_0.wav,bed
0447d7c1_nohash_0.wav,bed
0474c92a_nohash_0.wav,bed
0474c92a_nohash_1.wav,bed
05739450_nohash_0.wav,bed
05b2db80_nohash_0.wav,bed
05d18852_nohash_0.wav,bed
06076b6b_nohash_0.wav,bed
060cd039_nohash_0.wav,bed
060cd039_nohash_1.wav,bed
063d48cf_nohash_0.wav,bed
063d48cf_nohash_1.wav,bed
0685264e_nohash_0.wav,bed
07363607_nohash_0.wav,bed
079dfce3_nohash_0.wav,bed
079dfce3_nohash_1.wav,bed
079dfce3_nohash_2.wav,bed
07c5129e_nohash_0.wav,bed
099d52ad_nohash_0.wav,bed
09bcdc9d_nohash_0.wav,bed
09bcdc9d_nohash_1.wav,bed
09ddc105_nohash_0.wav,bed
09ddc105_nohash_1.wav,bed
0a7c2a8d_nohash_0.wav,bed
0b09edd3_nohash_0.wav,bed
0b56bcfe_nohash_0.wav,bed
0b77ee66_nohash_0.wav,bed
0b77ee66_nohash_1.wav,bed
0b77ee66_nohash_2.wav,bed
0bde966a_nohash_0.wav,bed
0bde966a_nohash_1.wav,bed
0c2ca723_nohash_0.wav,bed
0c2ca723_nohash_1.wav,bed
0c2d2ffa_nohash_0.wav,bed
0c2d2ffa_nohash_1.wav,bed
0c40e715_nohash_0.wav,bed
0d2bcf9d_nohash_0.wav,bed
0d2bcf9d_nohash_1.wav,bed
0d393936_nohash_0.wav,bed
0e17f595_nohash_0.wav,bed
0e17f595_nohash_1.wav,bed
0e5193e6_nohash_0.wav,bed
0ea0e2f4_nohash_0.wav,bed
0ea0e2f4_nohash_1.wav,bed
0f7dc557_nohash_0.wav,bed
0ff728b5_nohash_0.wav,bed
102192fd_nohash_0.wav,bed
10467b06_nohash_0.wav,bed
105a0eea_nohash_0.wav,bed
105e72bb_nohash_0.wav,bed
10627519_nohash_0.wav,bed
106a6183_nohash_0.wav,bed
10ace7eb_nohash_0.wav,bed
10c6d873_nohash_0.wav,bed
11321027_nohash_0.wav,bed
118261a9_nohash_0.wav,bed
118261a9_nohash_1.wav,bed
118261a9_nohash_2.wav,bed
11860c84_nohash_0.wav,bed
11a022ba_nohash_0.wav,bed
11b1df78_nohash_0.wav,bed
11b1df78_nohash_1.wav,bed
122c5aa7_nohash_0.wav,bed
12529547_nohash_0.wav,bed
126a31d2_nohash_0.wav,bed
129c7d8d_nohash_0.wav,bed
13199b79_nohash_0.wav,bed
1365dd89_nohash_0.wav,bed
1365dd89_nohash_1.wav,bed
146d97db_nohash_0.wav,bed
14872d06_nohash_0.wav,bed
14872d06_nohash_1.wav,bed
14df1e28_nohash_0.wav,bed
1528225c_nohash_0.wav,bed
1528225c_nohash_1.wav,bed
1528225c_nohash_2.wav,bed
1528225c_nohash_3.wav,bed
15b0c947_nohash_0.wav,bed
15c371c7_nohash_0.wav,bed
15c563d7_nohash_0.wav,bed
15d83b54_nohash_0.wav,bed
15d83b54_nohash_1.wav,bed
15f04ff8_nohash_0.wav,bed
161fcca8_nohash_0.wav,bed
161fcca8_nohash_1.wav,bed
1625acd8_nohash_0.wav,bed
1625acd8_nohash_1.wav,bed
1657c9fa_nohash_0.wav,bed
16d41d07_nohash_0.wav,bed
16db1582_nohash_0.wav,bed
1706c35f_nohash_0.wav,bed
1706c35f_nohash_1.wav,bed
1706c35f_nohash_2.wav,bed
1706c35f_nohash_3.wav,bed
171b56dc_nohash_0.wav,bed
172dc2b0_nohash_0.wav,bed
172dc2b0_nohash_1.wav,bed
172dc2b0_nohash_2.wav,bed
173ae793_nohash_0.wav,bed
173ae793_nohash_1.wav,bed
173ce2be_nohash_0.wav,bed
173ce2be_nohash_1.wav,bed
1746d7b6_nohash_0.wav,bed
179a61b7_nohash_0.wav,bed
17c94b23_nohash_0.wav,bed
17cc40ee_nohash_0.wav,bed
17f0e206_nohash_0.wav,bed
17f0e206_nohash_1.wav,bed
187af8be_nohash_0.wav,bed
1887fe04_nohash_0.wav,bed
1890e5c3_nohash_0.wav,bed
18a1aab9_nohash_0.wav,bed
18a8f03f_nohash_0.wav,bed
18a8f03f_nohash_1.wav,bed
18a8f03f_nohash_2.wav,bed
18c54a68_nohash_0.wav,bed
18c54a68_nohash_1.wav,bed
18c54a68_nohash_2.wav,bed
18c54a68_nohash_3.wav,bed
18c54a68_nohash_4.wav,bed
190821dc_nohash_0.wav,bed
1942abd7_nohash_0.wav,bed
19785c4e_nohash_0.wav,bed
19785c4e_nohash_1.wav,bed
19785c4e_nohash_2.wav,bed
1993db46_nohash_0.wav,bed
1995cf9e_nohash_0.wav,bed
19e246ad_nohash_0.wav,bed
19f9c115_nohash_0.wav,bed
19f9c115_nohash_1.wav,bed
19f9c115_nohash_2.wav,bed
19f9c115_nohash_3.wav,bed
1a073312_nohash_0.wav,bed
1a073312_nohash_1.wav,bed
1a4259c3_nohash_0.wav,bed
1a4259c3_nohash_1.wav,bed
1a5b9ca4_nohash_0.wav,bed
1a5b9ca4_nohash_1.wav,bed
1a673010_nohash_0.wav,bed
1a6eca98_nohash_0.wav,bed
1a6eca98_nohash_1.wav,bed
1a892463_nohash_0.wav,bed
1a9afd33_nohash_0.wav,bed
1a9afd33_nohash_1.wav,bed
1aed7c6d_nohash_0.wav,bed
1aed7c6d_nohash_1.wav,bed
1afd49bf_nohash_0.wav,bed
1afd49bf_nohash_1.wav,bed
1b459024_nohash_0.wav,bed
1b4c9b89_nohash_0.wav,bed
1b63157b_nohash_0.wav,bed
1b755c65_nohash_0.wav,bed
1b755c65_nohash_1.wav,bed
1bb574f9_nohash_0.wav,bed
1bb6ed89_nohash_0.wav,bed
1bb6ed89_nohash_1.wav,bed
1bc45db9_nohash_0.wav,bed
1c3f50ad_nohash_0.wav,bed
1c45ceb2_nohash_0.wav,bed
1c6e5447_nohash_0.wav,bed
1cb788bc_nohash_0.wav,bed
1cb788bc_nohash_1.wav,bed
1cbcc7a7_nohash_0.wav,bed
1d1fe0a0_nohash_0.wav,bed
1dce06e8_nohash_0.wav,bed
1df483c0_nohash_0.wav,bed
1df99a8a_nohash_0.wav,bed
1df99a8a_nohash_1.wav,bed
1e4064b8_nohash_0.wav,bed
1e4064b8_nohash_1.wav,bed
1e412fac_nohash_0.wav,bed
1ecfb537_nohash_0.wav,bed
1ed557b9_nohash_0.wav,bed
1ffd513b_nohash_0.wav,bed
20174140_nohash_0.wav,bed
2039b9c1_nohash_0.wav,bed
20d3f11f_nohash_0.wav,bed
210f3aa9_nohash_0.wav,bed
21307344_nohash_0.wav,bed
215699ff_nohash_0.wav,bed
215699ff_nohash_1.wav,bed
21832144_nohash_0.wav,bed
21cbe292_nohash_0.wav,bed
21e8c417_nohash_0.wav,bed
229978fd_nohash_0.wav,bed
2313e093_nohash_0.wav,bed
234ab0fb_nohash_0.wav,bed
238c112c_nohash_0.wav,bed
23abe1c9_nohash_0.wav,bed
23ad12d8_nohash_0.wav,bed
24b82192_nohash_0.wav,bed
24befdb3_nohash_0.wav,bed
24ed94ab_nohash_0.wav,bed
24ed94ab_nohash_1.wav,bed
25040e85_nohash_0.wav,bed
2510c044_nohash_0.wav,bed
25132942_nohash_0.wav,bed
257e17e0_nohash_0.wav,bed
2589f361_nohash_0.wav,bed
25c14394_nohash_0.wav,bed
25c14394_nohash_1.wav,bed
264f471d_nohash_0.wav,bed
26e573a9_nohash_0.wav,bed
26e9ae6b_nohash_0.wav,bed
26e9ae6b_nohash_1.wav,bed
26e9ae6b_nohash_2.wav,bed
270bfa52_nohash_0.wav,bed
274c008f_nohash_0.wav,bed
2796ac50_nohash_0.wav,bed
27b03931_nohash_0.wav,bed
27b9a84f_nohash_0.wav,bed
283d7a53_nohash_0.wav,bed
28460a60_nohash_0.wav,bed
28497c5b_nohash_0.wav,bed
28612180_nohash_0.wav,bed
28612180_nohash_1.wav,bed
28612180_nohash_2.wav,bed
28ce0c58_nohash_0.wav,bed
28e47b1a_nohash_0.wav,bed
28ed6bc9_nohash_0.wav,bed
28ef2a01_nohash_0.wav,bed
29fb33da_nohash_0.wav,bed
2a0b413e_nohash_0.wav,bed
2a89ad5c_nohash_0.wav,bed
2aec99ec_nohash_0.wav,bed
2aec99ec_nohash_1.wav,bed
2b3f509b_nohash_0.wav,bed
2bd2cad5_nohash_0.wav,bed
2bd2cad5_nohash_1.wav,bed
2bdbe5f7_nohash_0.wav,bed
2be08ce4_nohash_0.wav,bed
2be08ce4_nohash_1.wav,bed
2be08ce4_nohash_2.wav,bed
2bfe70ef_nohash_0.wav,bed
2c6446f7_nohash_0.wav,bed
2c6d3924_nohash_0.wav,bed
2c7c33e8_nohash_0.wav,bed
2ce7534c_nohash_0.wav,bed
2ce7534c_nohash_1.wav,bed
2cf28b70_nohash_0.wav,bed
2d82a556_nohash_0.wav,bed
2d82a556_nohash_1.wav,bed
2d92f18b_nohash_0.wav,bed
2d92f18b_nohash_1.wav,bed
2da58b32_nohash_0.wav,bed
2dcb6848_nohash_0.wav,bed
2dcb6848_nohash_1.wav,bed
2f0a410b_nohash_0.wav,bed
300384f0_nohash_0.wav,bed
300384f0_nohash_1.wav,bed
30065f33_nohash_0.wav,bed
30065f33_nohash_1.wav,bed
30137d34_nohash_0.wav,bed
305776dd_nohash_0.wav,bed
305776dd_nohash_1.wav,bed
305776dd_nohash_2.wav,bed
30802c5d_nohash_0.wav,bed
30a09789_nohash_0.wav,bed
30f31e42_nohash_0.wav,bed
311fde72_nohash_0.wav,bed
31270cb2_nohash_0.wav,bed
31270cb2_nohash_1.wav,bed
3143fdff_nohash_0.wav,bed
31583d30_nohash_0.wav,bed
31583d30_nohash_1.wav,bed
31583d30_nohash_2.wav,bed
31d31fa0_nohash_0.wav,bed
31d68957_nohash_0.wav,bed
3209ec42_nohash_0.wav,bed
3209ec42_nohash_1.wav,bed
324210dd_nohash_0.wav,bed
325a0c39_nohash_0.wav,bed
32efce64_nohash_0.wav,bed
32efce64_nohash_1.wav,bed
32efce64_nohash_2.wav,bed
333784b7_nohash_0.wav,bed
3389305e_nohash_0.wav,bed
338dacf5_nohash_0.wav,bed
33903159_nohash_0.wav,bed
33f60c62_nohash_0.wav,bed
3402e488_nohash_0.wav,bed
3411cf4b_nohash_0.wav,bed
3411cf4b_nohash_1.wav,bed
34263ab3_nohash_0.wav,bed
34263ab3_nohash_1.wav,bed
34263ab3_nohash_2.wav,bed
34ba417a_nohash_0.wav,bed
34ba417a_nohash_1.wav,bed
34ba417a_nohash_2.wav,bed
34e8c726_nohash_0.wav,bed
34e8c726_nohash_1.wav,bed
353b4d33_nohash_0.wav,bed
3565ca83_nohash_0.wav,bed
35c8fa78_nohash_0.wav,bed
35c8fa78_nohash_1.wav,bed
35d1b6ee_nohash_0.wav,bed
36050ef3_nohash_0.wav,bed
364c0853_nohash_0.wav,bed
364c0853_nohash_1.wav,bed
365531e2_nohash_0.wav,bed
36746d7f_nohash_0.wav,bed
36746d7f_nohash_1.wav,bed
370844f7_nohash_0.wav,bed
37b03ab1_nohash_0.wav,bed
37b03ab1_nohash_1.wav,bed
37dca74f_nohash_0.wav,bed
37e8db82_nohash_0.wav,bed
38d78313_nohash_0.wav,bed
3903b558_nohash_0.wav,bed
39a12648_nohash_0.wav,bed
39a6b995_nohash_0.wav,bed
39c13eed_nohash_0.wav,bed
39dce8cc_nohash_0.wav,bed
39ec87ac_nohash_0.wav,bed
3a182c98_nohash_0.wav,bed
3a33d3a4_nohash_0.wav,bed
3a789a0d_nohash_0.wav,bed
3a7d8872_nohash_0.wav,bed
3aa6f4e2_nohash_0.wav,bed
3ab9ba07_nohash_0.wav,bed
3ac2e76f_nohash_0.wav,bed
3b852f6f_nohash_0.wav,bed
3b852f6f_nohash_1.wav,bed
3b853f44_nohash_0.wav,bed
3bc21161_nohash_0.wav,bed
3bfd30e6_nohash_0.wav,bed
3c257192_nohash_0.wav,bed
3c6d55b3_nohash_0.wav,bed
3c8dc702_nohash_0.wav,bed
3ca784ec_nohash_0.wav,bed
3cdecb0b_nohash_0.wav,bed
3cdecb0b_nohash_1.wav,bed
3cfc6b3a_nohash_0.wav,bed
3d53244b_nohash_0.wav,bed
3d6bee47_nohash_0.wav,bed
3da7f617_nohash_0.wav,bed
3df9a3d4_nohash_0.wav,bed
3df9a3d4_nohash_1.wav,bed
3e31dffe_nohash_0.wav,bed
3e3b65eb_nohash_0.wav,bed
3e3b65eb_nohash_1.wav,bed
3e3fa7fd_nohash_0.wav,bed
3eb8764c_nohash_0.wav,bed
3eb8764c_nohash_1.wav,bed
3ec05c3d_nohash_0.wav,bed
3ed3e49a_nohash_0.wav,bed
3ed3e49a_nohash_1.wav,bed
3ed3e49a_nohash_2.wav,bed
3ed3e49a_nohash_3.wav,bed
3efa7ec4_nohash_0.wav,bed
3efa7ec4_nohash_1.wav,bed
3efa7ec4_nohash_2.wav,bed
3f170018_nohash_0.wav,bed
3f2b358d_nohash_0.wav,bed
3f339c33_nohash_0.wav,bed
3fb8c268_nohash_0.wav,bed
3fdafe25_nohash_0.wav,bed
3ff840aa_nohash_0.wav,bed
3ff840aa_nohash_1.wav,bed
40115b19_nohash_0.wav,bed
402e2977_nohash_0.wav,bed
402e2977_nohash_1.wav,bed
409c962a_nohash_0.wav,bed
409c962a_nohash_1.wav,bed
409c962a_nohash_2.wav,bed
413997c1_nohash_0.wav,bed
413bcfe1_nohash_0.wav,bed
41474817_nohash_0.wav,bed
41777abb_nohash_0.wav,bed
418e7158_nohash_0.wav,bed
41dce6f5_nohash_0.wav,bed
422d3197_nohash_0.wav,bed
4290ca61_nohash_0.wav,bed
42c6fff1_nohash_0.wav,bed
42c6fff1_nohash_1.wav,bed
42c6fff1_nohash_2.wav,bed
42ccb57a_nohash_0.wav,bed
42e3f068_nohash_0.wav,bed
42e3f068_nohash_1.wav,bed
435f9f9e_nohash_0.wav,bed
43691f67_nohash_0.wav,bed
439c84f4_nohash_0.wav,bed
43b85b64_nohash_0.wav,bed
43b85b64_nohash_1.wav,bed
43f57297_nohash_0.wav,bed
43f57297_nohash_1.wav,bed
43fc47a7_nohash_0.wav,bed
4407ba92_nohash_0.wav,bed
4407ba92_nohash_1.wav,bed
44260689_nohash_0.wav,bed
44b5720d_nohash_0.wav,bed
44b5720d_nohash_1.wav,bed
44b5720d_nohash_2.wav,bed
44bc77f7_nohash_0.wav,bed
44c201dd_nohash_0.wav,bed
460f2bad_nohash_0.wav,bed
46114b4e_nohash_0.wav,bed
46114b4e_nohash_1.wav,bed
46114b4e_nohash_2.wav,bed
4620dc14_nohash_0.wav,bed
462e1919_nohash_0.wav,bed
462e1919_nohash_1.wav,bed
46a153d8_nohash_0.wav,bed
471a0925_nohash_0.wav,bed
47565088_nohash_0.wav,bed
47565088_nohash_1.wav,bed
47565088_nohash_2.wav,bed
479e64cc_nohash_0.wav,bed
479e64cc_nohash_1.wav,bed
47d01978_nohash_0.wav,bed
4845bb10_nohash_0.wav,bed
48463cbc_nohash_0.wav,bed
48463cbc_nohash_1.wav,bed
48463cbc_nohash_2.wav,bed
48a9f771_nohash_0.wav,bed
48a9f771_nohash_1.wav,bed
48bdc11c_nohash_0.wav,bed
48e8b82a_nohash_0.wav,bed
493392c6_nohash_0.wav,bed
493392c6_nohash_1.wav,bed
49af4432_nohash_0.wav,bed
4a1e736b_nohash_0.wav,bed
4a294341_nohash_0.wav,bed
4a803e67_nohash_0.wav,bed
4a803e67_nohash_1.wav,bed
4abb2400_nohash_0.wav,bed
4abb2400_nohash_1.wav,bed
4abefdf5_nohash_0.wav,bed
4b25f620_nohash_0.wav,bed
4b25f620_nohash_1.wav,bed
4bb1244f_nohash_0.wav,bed
4bb1244f_nohash_1.wav,bed
4beff0c5_nohash_0.wav,bed
4beff0c5_nohash_1.wav,bed
4beff0c5_nohash_2.wav,bed
4c13fe25_nohash_0.wav,bed
4c13fe25_nohash_1.wav,bed
4c13fe25_nohash_2.wav,bed
4c432947_nohash_0.wav,bed
4c432947_nohash_1.wav,bed
4c432947_nohash_2.wav,bed
4c4d2526_nohash_0.wav,bed
4c7c95de_nohash_0.wav,bed
4c7c95de_nohash_1.wav,bed
4c841771_nohash_0.wav,bed
4ca37738_nohash_0.wav,bed
4ca37738_nohash_1.wav,bed
4cb874bb_nohash_0.wav,bed
4d9e07cf_nohash_0.wav,bed
4def68db_nohash_0.wav,bed
4def68db_nohash_1.wav,bed
4f086393_nohash_0.wav,bed
4f086393_nohash_1.wav,bed
4f256313_nohash_0.wav,bed
4f2ab70c_nohash_0.wav,bed
4f8ef132_nohash_0.wav,bed
50033893_nohash_0.wav,bed
50033893_nohash_1.wav,bed
50033893_nohash_2.wav,bed
50a7d406_nohash_0.wav,bed
50a8ef27_nohash_0.wav,bed
50d1c8e3_nohash_0.wav,bed
50ed8a7b_nohash_0.wav,bed
50f55535_nohash_0.wav,bed
51055bda_nohash_0.wav,bed
512dc91a_nohash_0.wav,bed
512dc91a_nohash_1.wav,bed
5165cf0a_nohash_0.wav,bed
518588b6_nohash_0.wav,bed
518588b6_nohash_1.wav,bed
518588b6_nohash_2.wav,bed
51995cea_nohash_0.wav,bed
520b2c17_nohash_0.wav,bed
5236848b_nohash_0.wav,bed
529eda42_nohash_0.wav,bed
52bfbce8_nohash_0.wav,bed
52bfbce8_nohash_1.wav,bed
52e228e9_nohash_0.wav,bed
531a5b8a_nohash_0.wav,bed
531a5b8a_nohash_1.wav,bed
533c6564_nohash_0.wav,bed
53458368_nohash_0.wav,bed
538e1856_nohash_0.wav,bed
53fd1780_nohash_0.wav,bed
541120c7_nohash_0.wav,bed
541e4079_nohash_0.wav,bed
54412eae_nohash_0.wav,bed
54d9ccb5_nohash_0.wav,bed
551e42e8_nohash_0.wav,bed
553f1a79_nohash_0.wav,bed
55d3725a_nohash_0.wav,bed
55d3725a_nohash_1.wav,bed
563aa4e6_nohash_0.wav,bed
5677ec77_nohash_0.wav,bed
5677ec77_nohash_1.wav,bed
569455ff_nohash_0.wav,bed
56eab10e_nohash_0.wav,bed
56eab10e_nohash_1.wav,bed
56eab10e_nohash_2.wav,bed
56eab10e_nohash_3.wav,bed
56eb74ae_nohash_0.wav,bed
5705a0f9_nohash_0.wav,bed
5705a0f9_nohash_1.wav,bed
57376a4c_nohash_0.wav,bed
573cdb8a_nohash_0.wav,bed
5744b6a7_nohash_0.wav,bed
57b38f48_nohash_0.wav,bed
57b38f48_nohash_1.wav,bed
57b68383_nohash_0.wav,bed
57cb3575_nohash_0.wav,bed
57cb3575_nohash_1.wav,bed
5828dfa2_nohash_0.wav,bed
5828dfa2_nohash_1.wav,bed
587f3271_nohash_0.wav,bed
587f3271_nohash_1.wav,bed
587f3271_nohash_2.wav,bed
589bce2c_nohash_0.wav,bed
58df33b5_nohash_0.wav,bed
590750e8_nohash_0.wav,bed
590750e8_nohash_1.wav,bed
591d32f3_nohash_0.wav,bed
591d32f3_nohash_1.wav,bed
5a0bc987_nohash_0.wav,bed
5a3712c9_nohash_0.wav,bed
5a9f7324_nohash_0.wav,bed
5aac2efa_nohash_0.wav,bed
5af0ca83_nohash_0.wav,bed
5b09db89_nohash_0.wav,bed
5b1db3ee_nohash_0.wav,bed
5b1db3ee_nohash_1.wav,bed
5b1db3ee_nohash_2.wav,bed
5b1db3ee_nohash_3.wav,bed
5b1db3ee_nohash_4.wav,bed
5ba724a7_nohash_0.wav,bed
5ba724a7_nohash_1.wav,bed
5be23def_nohash_0.wav,bed
5c39594f_nohash_0.wav,bed
5c8af87a_nohash_0.wav,bed
5d9bb361_nohash_0.wav,bed
5d9bb361_nohash_1.wav,bed
5de8f2f0_nohash_0.wav,bed
5e033479_nohash_0.wav,bed
5e033479_nohash_1.wav,bed
5e1b34a6_nohash_0.wav,bed
5e3dde6b_nohash_0.wav,bed
5efb758c_nohash_0.wav,bed
5f1b1051_nohash_0.wav,bed
5f47fdf9_nohash_0.wav,bed
5f8e50a0_nohash_0.wav,bed
5f8e50a0_nohash_1.wav,bed
5fadb538_nohash_0.wav,bed
5fb88f4c_nohash_0.wav,bed
5ff3f9a1_nohash_0.wav,bed
6021f08b_nohash_0.wav,bed
6021f08b_nohash_1.wav,bed
60472d26_nohash_0.wav,bed
60472d26_nohash_1.wav,bed
60472d26_nohash_2.wav,bed
605ed0ff_nohash_0.wav,bed
605ed0ff_nohash_1.wav,bed
6071a214_nohash_0.wav,bed
6094340e_nohash_0.wav,bed
611d2b50_nohash_0.wav,bed
6166ae21_nohash_0.wav,bed
617de221_nohash_0.wav,bed
61a9f72a_nohash_0.wav,bed
61bcb275_nohash_0.wav,bed
61d3e51e_nohash_0.wav,bed
61e50f62_nohash_0.wav,bed
61e50f62_nohash_1.wav,bed
6205088b_nohash_0.wav,bed
6205088b_nohash_1.wav,bed
6205088b_nohash_2.wav,bed
6205088b_nohash_3.wav,bed
620ff0fa_nohash_0.wav,bed
62581901_nohash_0.wav,bed
62581901_nohash_1.wav,bed
625fd898_nohash_0.wav,bed
62605293_nohash_0.wav,bed
62605293_nohash_1.wav,bed
627c0bec_nohash_0.wav,bed
627c0bec_nohash_1.wav,bed
62ef962d_nohash_0.wav,bed
62ef962d_nohash_1.wav,bed
62ff07ef_nohash_0.wav,bed
62ff07ef_nohash_1.wav,bed
6366f61a_nohash_0.wav,bed
637c702a_nohash_0.wav,bed
638548d5_nohash_0.wav,bed
638548d5_nohash_1.wav,bed
63996b7c_nohash_0.wav,bed
63996b7c_nohash_1.wav,bed
6414258b_nohash_0.wav,bed
6414258b_nohash_1.wav,bed
64220627_nohash_0.wav,bed
64220627_nohash_1.wav,bed
64574a99_nohash_0.wav,bed
64da5281_nohash_0.wav,bed
64da5281_nohash_1.wav,bed
65040d9b_nohash_0.wav,bed
650daf8e_nohash_0.wav,bed
650daf8e_nohash_1.wav,bed
650daf8e_nohash_2.wav,bed
651d108f_nohash_0.wav,bed
652b3da7_nohash_0.wav,bed
652b3da7_nohash_1.wav,bed
652b3da7_nohash_2.wav,bed
652b3da7_nohash_3.wav,bed
653a48f5_nohash_0.wav,bed
65c73b55_nohash_0.wav,bed
65d81c54_nohash_0.wav,bed
65d81c54_nohash_1.wav,bed
65d844fc_nohash_0.wav,bed
65ec06e5_nohash_0.wav,bed
65f2531f_nohash_0.wav,bed
66041c69_nohash_0.wav,bed
66041c69_nohash_1.wav,bed
66276b0e_nohash_0.wav,bed
66276b0e_nohash_1.wav,bed
66774579_nohash_0.wav,bed
66a412a7_nohash_0.wav,bed
66aa0f29_nohash_0.wav,bed
66cff190_nohash_0.wav,bed
66cff190_nohash_1.wav,bed
66cff190_nohash_2.wav,bed
6727b579_nohash_0.wav,bed
67961766_nohash_0.wav,bed
67961766_nohash_1.wav,bed
67c7fecb_nohash_0.wav,bed
6823565f_nohash_0.wav,bed
682e1687_nohash_0.wav,bed
682e1687_nohash_1.wav,bed
6846af18_nohash_0.wav,bed
686d030b_nohash_0.wav,bed
6889b21f_nohash_0.wav,bed
68dd409e_nohash_0.wav,bed
68effe85_nohash_0.wav,bed
69086eb0_nohash_0.wav,bed
692a88e6_nohash_0.wav,bed
69953f48_nohash_0.wav,bed
6a014b29_nohash_0.wav,bed
6a1908f8_nohash_0.wav,bed
6a203e0e_nohash_0.wav,bed
6a203e0e_nohash_1.wav,bed
6a2fb9a5_nohash_0.wav,bed
6a700f9d_nohash_0.wav,bed
6adb8ad9_nohash_0.wav,bed
6af4aa07_nohash_0.wav,bed
6b7d5101_nohash_0.wav,bed
6b81fead_nohash_0.wav,bed
6b81fead_nohash_1.wav,bed
6b81fead_nohash_2.wav,bed
6b889021_nohash_0.wav,bed
6b889021_nohash_1.wav,bed
6b889021_nohash_2.wav,bed
6c0f6493_nohash_0.wav,bed
6c429c7b_nohash_0.wav,bed
6c968bd9_nohash_0.wav,bed
6cc28ce5_nohash_0.wav,bed
6ceeb9aa_nohash_0.wav,bed
6ceeb9aa_nohash_1.wav,bed
6d1dcca6_nohash_0.wav,bed
6d1dcca6_nohash_1.wav,bed
6d2d3b0d_nohash_0.wav,bed
6d818f6c_nohash_0.wav,bed
6d818f6c_nohash_1.wav,bed
6d818f6c_nohash_2.wav,bed
6e2ef3d5_nohash_0.wav,bed
6e2ef3d5_nohash_1.wav,bed
6e41a77e_nohash_0.wav,bed
6e916de8_nohash_0.wav,bed
6f2f57c1_nohash_0.wav,bed
6f2f57c1_nohash_1.wav,bed
6f342826_nohash_0.wav,bed
6f342826_nohash_1.wav,bed
6f342826_nohash_2.wav,bed
6f342826_nohash_3.wav,bed
6f3458b3_nohash_0.wav,bed
6f5b4d3d_nohash_0.wav,bed
6f5b4d3d_nohash_1.wav,bed
6f5b4d3d_nohash_2.wav,bed
6f5b4d3d_nohash_3.wav,bed
6f5eea74_nohash_0.wav,bed
6f7724f5_nohash_0.wav,bed
6f9088d7_nohash_0.wav,bed
6fca237d_nohash_0.wav,bed
7081436f_nohash_0.wav,bed
7081436f_nohash_1.wav,bed
708a9569_nohash_0.wav,bed
708a9569_nohash_1.wav,bed
70a00e98_nohash_0.wav,bed
712e4d58_nohash_0.wav,bed
716757ce_nohash_0.wav,bed
716757ce_nohash_1.wav,bed
71904de3_nohash_0.wav,bed
7192fddc_nohash_0.wav,bed
71f6fed7_nohash_0.wav,bed
7211390b_nohash_0.wav,bed
72320401_nohash_0.wav,bed
723efc4c_nohash_0.wav,bed
7257420c_nohash_0.wav,bed
7257420c_nohash_1.wav,bed
726382d6_nohash_0.wav,bed
72aa7259_nohash_0.wav,bed
72ca6a6d_nohash_0.wav,bed
7303215d_nohash_0.wav,bed
7303215d_nohash_1.wav,bed
73124b26_nohash_0.wav,bed
73124b26_nohash_1.wav,bed
735845ab_nohash_0.wav,bed
73dda36a_nohash_0.wav,bed
73f0c1f7_nohash_0.wav,bed
742d6431_nohash_0.wav,bed
747e69fd_nohash_0.wav,bed
747e69fd_nohash_1.wav,bed
74b73f88_nohash_0.wav,bed
750e3e75_nohash_0.wav,bed
75915c90_nohash_0.wav,bed
75b631ff_nohash_0.wav,bed
763188c4_nohash_0.wav,bed
765ffccb_nohash_0.wav,bed
765ffccb_nohash_1.wav,bed
76e53db9_nohash_0.wav,bed
772db621_nohash_0.wav,bed
772db621_nohash_1.wav,bed
7799c9cd_nohash_0.wav,bed
7799c9cd_nohash_1.wav,bed
77def3ee_nohash_0.wav,bed
77def3ee_nohash_1.wav,bed
77f185d3_nohash_0.wav,bed
77f185d3_nohash_1.wav,bed
78030270_nohash_0.wav,bed
78102205_nohash_0.wav,bed
78102205_nohash_1.wav,bed
782c1305_nohash_0.wav,bed
7846fd85_nohash_0.wav,bed
784e281a_nohash_0.wav,bed
78622c2b_nohash_0.wav,bed
78884794_nohash_0.wav,bed
78884794_nohash_1.wav,bed
78884794_nohash_2.wav,bed
789e4ee7_nohash_0.wav,bed
7910d292_nohash_0.wav,bed
7a5530c9_nohash_0.wav,bed
7a5530c9_nohash_1.wav,bed
7add4c5f_nohash_0.wav,bed
7b2e879e_nohash_0.wav,bed
7b2e879e_nohash_1.wav,bed
7b301939_nohash_0.wav,bed
7be5a0f3_nohash_0.wav,bed
7bf801d1_nohash_0.wav,bed
7c1d8533_nohash_0.wav,bed
7c75a504_nohash_0.wav,bed
7c9b43f0_nohash_0.wav,bed
7c9b43f0_nohash_1.wav,bed
7cbf645a_nohash_0.wav,bed
7cf14c54_nohash_0.wav,bed
7d149b38_nohash_0.wav,bed
7d149b38_nohash_1.wav,bed
7d5f87c8_nohash_0.wav,bed
7dc50b88_nohash_0.wav,bed
7dc95912_nohash_0.wav,bed
7dc95912_nohash_1.wav,bed
7e1054e7_nohash_0.wav,bed
7e4fa1d8_nohash_0.wav,bed
7e783e3f_nohash_0.wav,bed
7ea032f3_nohash_0.wav,bed
7eee5973_nohash_0.wav,bed
7eee5973_nohash_1.wav,bed
7eee5973_nohash_2.wav,bed
7f17667c_nohash_0.wav,bed
7f17667c_nohash_1.wav,bed
7f74626f_nohash_0.wav,bed
7fa5fa1f_nohash_0.wav,bed
7fc74fbe_nohash_0.wav,bed
7fd25f7c_nohash_0.wav,bed
7ff085e1_nohash_0.wav,bed
7ff085e1_nohash_1.wav,bed
7ff4fc72_nohash_0.wav,bed
8012c69d_nohash_0.wav,bed
80c17118_nohash_0.wav,bed
80c17118_nohash_1.wav,bed
80c17118_nohash_2.wav,bed
80c45ed6_nohash_0.wav,bed
80c45ed6_nohash_1.wav,bed
80fe1dc7_nohash_0.wav,bed
80fe1dc7_nohash_1.wav,bed
80fe1dc7_nohash_2.wav,bed
810c99be_nohash_0.wav,bed
8134f43f_nohash_0.wav,bed
813b82a6_nohash_0.wav,bed
815f0f03_nohash_0.wav,bed
81a345a3_nohash_0.wav,bed
81a345a3_nohash_1.wav,bed
81dc4a94_nohash_0.wav,bed
824e8ce5_nohash_0.wav,bed
825f450d_nohash_0.wav,bed
825f450d_nohash_1.wav,bed
825f450d_nohash_2.wav,bed
826268f8_nohash_0.wav,bed
8281a2a8_nohash_0.wav,bed
82b99576_nohash_0.wav,bed
82c6d220_nohash_0.wav,bed
82e7204d_nohash_0.wav,bed
8335f893_nohash_0.wav,bed
834f03fe_nohash_0.wav,bed
837f7378_nohash_0.wav,bed
83c9e7e6_nohash_0.wav,bed
83c9e7e6_nohash_1.wav,bed
83c9e7e6_nohash_2.wav,bed
83f9c4ab_nohash_0.wav,bed
83f9c4ab_nohash_1.wav,bed
840eab5a_nohash_0.wav,bed
8442ea62_nohash_0.wav,bed
8442ea62_nohash_1.wav,bed
84999496_nohash_0.wav,bed
84bf12ff_nohash_0.wav,bed
84d1e469_nohash_0.wav,bed
84d1e469_nohash_1.wav,bed
850e2222_nohash_0.wav,bed
850e2222_nohash_1.wav,bed
8523766b_nohash_0.wav,bed
8523766b_nohash_1.wav,bed
857366dd_nohash_0.wav,bed
857366dd_nohash_1.wav,bed
85b877b5_nohash_0.wav,bed
863880b7_nohash_0.wav,bed
863880b7_nohash_1.wav,bed
86402da1_nohash_0.wav,bed
86402da1_nohash_1.wav,bed
86648261_nohash_0.wav,bed
86648261_nohash_1.wav,bed
86f12ac0_nohash_0.wav,bed
87014d40_nohash_0.wav,bed
876c84d6_nohash_0.wav,bed
876c84d6_nohash_1.wav,bed
8781f4c1_nohash_0.wav,bed
8781f4c1_nohash_1.wav,bed
87c62767_nohash_0.wav,bed
87eff300_nohash_0.wav,bed
88120683_nohash_0.wav,bed
881583a6_nohash_0.wav,bed
8830e17f_nohash_0.wav,bed
884ae8e1_nohash_0.wav,bed
888a0c49_nohash_0.wav,bed
88a487ce_nohash_0.wav,bed
88e90bc1_nohash_0.wav,bed
89d6d11e_nohash_0.wav,bed
89ed36ab_nohash_0.wav,bed
89f3ab7d_nohash_0.wav,bed
89f3ab7d_nohash_1.wav,bed
89f680f3_nohash_0.wav,bed
89f680f3_nohash_1.wav,bed
89f680f3_nohash_2.wav,bed
8a0457c9_nohash_0.wav,bed
8a0457c9_nohash_1.wav,bed
8a28231e_nohash_0.wav,bed
8a28231e_nohash_1.wav,bed
8a5acefd_nohash_0.wav,bed
8a744054_nohash_0.wav,bed
8aa35b0c_nohash_0.wav,bed
8aa35b0c_nohash_1.wav,bed
8b39e36f_nohash_0.wav,bed
8b39e36f_nohash_1.wav,bed
8b775397_nohash_0.wav,bed
8b775397_nohash_1.wav,bed
8bbd98d0_nohash_0.wav,bed
8c3c4715_nohash_0.wav,bed
8c3c4715_nohash_1.wav,bed
8c4854bc_nohash_0.wav,bed
8c4854bc_nohash_1.wav,bed
8c4854bc_nohash_2.wav,bed
8c7c9168_nohash_0.wav,bed
8c7f81df_nohash_0.wav,bed
8c888bbb_nohash_0.wav,bed
8d5d076d_nohash_0.wav,bed
8d8d9855_nohash_0.wav,bed
8d8d9855_nohash_1.wav,bed
8d8d9855_nohash_2.wav,bed
8dd24423_nohash_0.wav,bed
8dd24423_nohash_1.wav,bed
8e05039f_nohash_0.wav,bed
8ea22de7_nohash_0.wav,bed
8eb4a1bf_nohash_0.wav,bed
8ec6dab6_nohash_0.wav,bed
8ec6dab6_nohash_1.wav,bed
8f3f252c_nohash_0.wav,bed
8f3f252c_nohash_1.wav,bed
8f3f252c_nohash_2.wav,bed
8f4c551f_nohash_0.wav,bed
902258bb_nohash_0.wav,bed
902258bb_nohash_1.wav,bed
90804775_nohash_0.wav,bed
90b0b91a_nohash_0.wav,bed
91223b83_nohash_0.wav,bed
918a2473_nohash_0.wav,bed
9190045a_nohash_0.wav,bed
919d3c0e_nohash_0.wav,bed
91cdef62_nohash_0.wav,bed
91cdef62_nohash_1.wav,bed
91cdef62_nohash_2.wav,bed
92037d73_nohash_0.wav,bed
924c1a04_nohash_0.wav,bed
924c1a04_nohash_1.wav,bed
92a9c5e6_nohash_0.wav,bed
92b2bf59_nohash_0.wav,bed
92b2bf59_nohash_1.wav,bed
92b2bf59_nohash_2.wav,bed
92e17cc4_nohash_0.wav,bed
92e17cc4_nohash_1.wav,bed
937b433e_nohash_0.wav,bed
93ec8b84_nohash_0.wav,bed
93ec8b84_nohash_1.wav,bed
94de6a6a_nohash_0.wav,bed
94e6864f_nohash_0.wav,bed
94e6864f_nohash_1.wav,bed
94e6864f_nohash_2.wav,bed
94e6864f_nohash_3.wav,bed
94e6864f_nohash_4.wav,bed
951cac20_nohash_0.wav,bed
951cac20_nohash_1.wav,bed
95218ce8_nohash_0.wav,bed
95299b6c_nohash_0.wav,bed
953fe1ad_nohash_0.wav,bed
9587481f_nohash_0.wav,bed
962f27eb_nohash_0.wav,bed
9637f43f_nohash_0.wav,bed
9637f43f_nohash_1.wav,bed
964e8cfd_nohash_0.wav,bed
96a48d28_nohash_0.wav,bed
96ab6565_nohash_0.wav,bed
96c67073_nohash_0.wav,bed
96c67073_nohash_1.wav,bed
9712cce0_nohash_0.wav,bed
9799379a_nohash_0.wav,bed
9799379a_nohash_1.wav,bed
97addd88_nohash_0.wav,bed
97ae8b25_nohash_0.wav,bed
97ae8b25_nohash_1.wav,bed
97e0c576_nohash_0.wav,bed
97e0c576_nohash_1.wav,bed
97e0c576_nohash_2.wav,bed
97e0c576_nohash_3.wav,bed
97f493b9_nohash_0.wav,bed
97f4c236_nohash_0.wav,bed
981e2a16_nohash_0.wav,bed
981e2a16_nohash_1.wav,bed
982babaf_nohash_0.wav,bed
98447c43_nohash_0.wav,bed
98447c43_nohash_1.wav,bed
98582fee_nohash_0.wav,bed
98582fee_nohash_1.wav,bed
9886d8bf_nohash_0.wav,bed
988e2f9a_nohash_0.wav,bed
988e2f9a_nohash_1.wav,bed
989a2213_nohash_0.wav,bed
989a2213_nohash_1.wav,bed
99081f4d_nohash_0.wav,bed
997867e7_nohash_0.wav,bed
99e6cab8_nohash_0.wav,bed
99e6cab8_nohash_1.wav,bed
99fad6a0_nohash_0.wav,bed
99fad6a0_nohash_1.wav,bed
9a356ab9_nohash_0.wav,bed
9a3f97f8_nohash_0.wav,bed
9a43b64b_nohash_0.wav,bed
9a4d12fd_nohash_0.wav,bed
9a4d12fd_nohash_1.wav,bed
9a69672b_nohash_0.wav,bed
9a7c1f83_nohash_0.wav,bed
9a7c1f83_nohash_1.wav,bed
9aa21fa9_nohash_0.wav,bed
9aa5439d_nohash_0.wav,bed
9ab86dd0_nohash_0.wav,bed
9acd0254_nohash_0.wav,bed
9b027ecf_nohash_0.wav,bed
9b027ecf_nohash_1.wav,bed
9b3ea809_nohash_0.wav,bed
9b402bc2_nohash_0.wav,bed
9b402bc2_nohash_1.wav,bed
9b5815cd_nohash_0.wav,bed
9b5815cd_nohash_1.wav,bed
9b5815cd_nohash_2.wav,bed
9bea2ac7_nohash_0.wav,bed
9beccfc8_nohash_0.wav,bed
9c06a3f3_nohash_0.wav,bed
9c59dd28_nohash_0.wav,bed
9ce7a419_nohash_0.wav,bed
9d050657_nohash_0.wav,bed
9d050657_nohash_1.wav,bed
9d4bab4f_nohash_0.wav,bed
9d8ac38b_nohash_0.wav,bed
9db2bfe9_nohash_0.wav,bed
9dc1889e_nohash_0.wav,bed
9e075bf1_nohash_0.wav,bed
9e2ce5e3_nohash_0.wav,bed
9e42ae25_nohash_0.wav,bed
9e46cfa1_nohash_0.wav,bed
9e6bb505_nohash_0.wav,bed
9e6bb505_nohash_1.wav,bed
9efe5140_nohash_0.wav,bed
9efe5140_nohash_1.wav,bed
9f63152b_nohash_0.wav,bed
9f869f70_nohash_0.wav,bed
9ff1b8b6_nohash_0.wav,bed
9ff2d2f4_nohash_0.wav,bed
a108341b_nohash_0.wav,bed
a16b3102_nohash_0.wav,bed
a16b3102_nohash_1.wav,bed
a19452d5_nohash_0.wav,bed
a19452d5_nohash_1.wav,bed
a19452d5_nohash_2.wav,bed
a1a59b72_nohash_0.wav,bed
a1c63f25_nohash_0.wav,bed
a1cff772_nohash_0.wav,bed
a1dd919f_nohash_0.wav,bed
a24582a0_nohash_0.wav,bed
a24582a0_nohash_1.wav,bed
a2473d62_nohash_0.wav,bed
a2473d62_nohash_1.wav,bed
a24cf51c_nohash_0.wav,bed
a24cf51c_nohash_1.wav,bed
a2b16113_nohash_0.wav,bed
a2b16113_nohash_1.wav,bed
a2b16113_nohash_2.wav,bed
a2b16113_nohash_3.wav,bed
a2fefcb4_nohash_0.wav,bed
a3255f5c_nohash_0.wav,bed
a3255f5c_nohash_1.wav,bed
a3255f5c_nohash_2.wav,bed
a331d9cb_nohash_0.wav,bed
a331d9cb_nohash_1.wav,bed
a331d9cb_nohash_2.wav,bed
a331d9cb_nohash_3.wav,bed
a331d9cb_nohash_4.wav,bed
a331d9cb_nohash_5.wav,bed
a3502f15_nohash_0.wav,bed
a4baac4e_nohash_0.wav,bed
a4baac4e_nohash_1.wav,bed
a4c938ce_nohash_0.wav,bed
a4c938ce_nohash_1.wav,bed
a4e8a997_nohash_0.wav,bed
a4e8a997_nohash_1.wav,bed
a50a98d2_nohash_0.wav,bed
a518d1cf_nohash_0.wav,bed
a518d1cf_nohash_1.wav,bed
a518d1cf_nohash_2.wav,bed
a527cb3c_nohash_0.wav,bed
a527cb3c_nohash_1.wav,bed
a5609cce_nohash_0.wav,bed
a5d485dc_nohash_0.wav,bed
a60a09cf_nohash_0.wav,bed
a6285644_nohash_0.wav,bed
a6d586b7_nohash_0.wav,bed
a7dd45cf_nohash_0.wav,bed
a84dee7b_nohash_0.wav,bed
a8cb6dda_nohash_0.wav,bed
a8cb6dda_nohash_1.wav,bed
a8cb6dda_nohash_2.wav,bed
a8cf01bc_nohash_0.wav,bed
a8cf01bc_nohash_1.wav,bed
a8e25ebb_nohash_0.wav,bed
a8ee11c7_nohash_0.wav,bed
a8f45bdc_nohash_0.wav,bed
a8f45bdc_nohash_1.wav,bed
a902ce9b_nohash_0.wav,bed
a996cf66_nohash_0.wav,bed
a996cf66_nohash_1.wav,bed
a9abc695_nohash_0.wav,bed
a9abc695_nohash_1.wav,bed
a9f38bae_nohash_0.wav,bed
aa233654_nohash_0.wav,bed
aa48c94a_nohash_0.wav,bed
aa48c94a_nohash_1.wav,bed
aa753bb9_nohash_0.wav,bed
ab00c4b2_nohash_0.wav,bed
ab00c4b2_nohash_1.wav,bed
ab353673_nohash_0.wav,bed
ab5ae445_nohash_0.wav,bed
ab5ae445_nohash_1.wav,bed
ab5b211a_nohash_0.wav,bed
ab5d7179_nohash_0.wav,bed
ab71c9a7_nohash_0.wav,bed
ab7b5acd_nohash_0.wav,bed
ab81c9c8_nohash_0.wav,bed
aba19127_nohash_0.wav,bed
ac652c60_nohash_0.wav,bed
ac7840d8_nohash_0.wav,bed
acde7e73_nohash_0.wav,bed
acfd3bc3_nohash_0.wav,bed
ad1429cf_nohash_0.wav,bed
ad340ed7_nohash_0.wav,bed
ad5aeec2_nohash_0.wav,bed
ad63d93c_nohash_0.wav,bed
ad6a46f1_nohash_0.wav,bed
ad6a46f1_nohash_1.wav,bed
ad89eb1e_nohash_0.wav,bed
adb45ef2_nohash_0.wav,bed
adc216c5_nohash_0.wav,bed
adebe223_nohash_0.wav,bed
adebe223_nohash_1.wav,bed
ae04cdbe_nohash_0.wav,bed
ae82c78c_nohash_0.wav,bed
ae927455_nohash_0.wav,bed
aeb99b1c_nohash_0.wav,bed
af30314d_nohash_0.wav,bed
af7a8296_nohash_0.wav,bed
afabfa0e_nohash_0.wav,bed
afb9e62e_nohash_0.wav,bed
afb9e62e_nohash_1.wav,bed
afbec28d_nohash_0.wav,bed
aff582a1_nohash_0.wav,bed
b00c4c53_nohash_0.wav,bed
b00dff7e_nohash_0.wav,bed
b06c19b0_nohash_0.wav,bed
b087aa0e_nohash_0.wav,bed
b0bad4a9_nohash_0.wav,bed
b0c0197e_nohash_0.wav,bed
b0c0197e_nohash_1.wav,bed
b0f24c9b_nohash_0.wav,bed
b0f24c9b_nohash_1.wav,bed
b1114e4f_nohash_0.wav,bed
b12bef84_nohash_0.wav,bed
b12bef84_nohash_1.wav,bed
b12bef84_nohash_2.wav,bed
b1426003_nohash_0.wav,bed
b15fc37d_nohash_0.wav,bed
b16f2d0d_nohash_0.wav,bed
b1df80c0_nohash_0.wav,bed
b1df80c0_nohash_1.wav,bed
b1edd209_nohash_0.wav,bed
b1f8326d_nohash_0.wav,bed
b1f8326d_nohash_1.wav,bed
b21f0fa4_nohash_0.wav,bed
b25b6065_nohash_0.wav,bed
b26343e9_nohash_0.wav,bed
b26343e9_nohash_1.wav,bed
b26343e9_nohash_2.wav,bed
b2e2773a_nohash_0.wav,bed
b2e2773a_nohash_1.wav,bed
b2fbe484_nohash_0.wav,bed
b31ad508_nohash_0.wav,bed
b3327675_nohash_0.wav,bed
b3327675_nohash_1.wav,bed
b3849d6e_nohash_0.wav,bed
b3bb4dd6_nohash_0.wav,bed
b3bb4dd6_nohash_1.wav,bed
b3bdded5_nohash_0.wav,bed
b3bdded5_nohash_1.wav,bed
b41a92a3_nohash_0.wav,bed
b41a92a3_nohash_1.wav,bed
b433332a_nohash_0.wav,bed
b43c8f2f_nohash_0.wav,bed
b43c8f2f_nohash_1.wav,bed
b43de700_nohash_0.wav,bed
b4604db4_nohash_0.wav,bed
b46e8153_nohash_0.wav,bed
b46e8153_nohash_1.wav,bed
b487da60_nohash_0.wav,bed
b49caed3_nohash_0.wav,bed
b4aa9fef_nohash_0.wav,bed
b52bd596_nohash_0.wav,bed
b52bd596_nohash_1.wav,bed
b5552931_nohash_0.wav,bed
b55a09be_nohash_0.wav,bed
b55a09be_nohash_1.wav,bed
b55a09be_nohash_2.wav,bed
b5935410_nohash_0.wav,bed
b5d1e505_nohash_0.wav,bed
b5d1e505_nohash_1.wav,bed
b6091c84_nohash_0.wav,bed
b6091c84_nohash_1.wav,bed
b65f6015_nohash_0.wav,bed
b6ebe225_nohash_0.wav,bed
b6ebe225_nohash_1.wav,bed
b7016c27_nohash_0.wav,bed
b71ebf79_nohash_0.wav,bed
b72e58c9_nohash_0.wav,bed
b7a0754f_nohash_0.wav,bed
b7a6f709_nohash_0.wav,bed
b7a6f709_nohash_1.wav,bed
b80d6c5e_nohash_0.wav,bed
b80d6c5e_nohash_1.wav,bed
b83c1acf_nohash_0.wav,bed
b843de62_nohash_0.wav,bed
b87bdb22_nohash_0.wav,bed
b8897f1c_nohash_0.wav,bed
b8897f1c_nohash_1.wav,bed
b8c48ffb_nohash_0.wav,bed
b8c48ffb_nohash_1.wav,bed
b93528e3_nohash_0.wav,bed
b959cd0c_nohash_0.wav,bed
b97c9f77_nohash_0.wav,bed
b9cccd01_nohash_0.wav,bed
b9f46737_nohash_0.wav,bed
ba59cab3_nohash_0.wav,bed
ba676390_nohash_0.wav,bed
bab36420_nohash_0.wav,bed
baf01c1f_nohash_0.wav,bed
bb31b82b_nohash_0.wav,bed
bbaa7946_nohash_0.wav,bed
bbb2eb5b_nohash_0.wav,bed
bbd0bbd0_nohash_0.wav,bed
bc065a17_nohash_0.wav,bed
bc065a17_nohash_1.wav,bed
bc065a17_nohash_2.wav,bed
bca56796_nohash_0.wav,bed
bcdaa7a9_nohash_0.wav,bed
bd061bef_nohash_0.wav,bed
bd2db1a5_nohash_0.wav,bed
bd8412df_nohash_0.wav,bed
bdb90d38_nohash_0.wav,bed
bdb90d38_nohash_1.wav,bed
bdee441c_nohash_0.wav,bed
be7a5b2d_nohash_0.wav,bed
be7fa0a3_nohash_0.wav,bed
be7fa0a3_nohash_1.wav,bed
be91a00a_nohash_0.wav,bed
bed06fac_nohash_0.wav,bed
bed06fac_nohash_1.wav,bed
bed06fac_nohash_2.wav,bed
bf4af1af_nohash_0.wav,bed
bf4af1af_nohash_1.wav,bed
bf4af1af_nohash_2.wav,bed
bf5d409d_nohash_0.wav,bed
bf5d409d_nohash_1.wav,bed
bf70feda_nohash_0.wav,bed
bf90a57a_nohash_0.wav,bed
bfa63751_nohash_0.wav,bed
bfb10243_nohash_0.wav,bed
c0445658_nohash_0.wav,bed
c08585c1_nohash_0.wav,bed
c08e5058_nohash_0.wav,bed
c099668c_nohash_0.wav,bed
c099668c_nohash_1.wav,bed
c099668c_nohash_2.wav,bed
c099668c_nohash_3.wav,bed
c0c701f1_nohash_0.wav,bed
c0c701f1_nohash_1.wav,bed
c0e0f834_nohash_0.wav,bed
c0e0f834_nohash_1.wav,bed
c0e0f834_nohash_2.wav,bed
c0f8f4df_nohash_0.wav,bed
c0fb6812_nohash_0.wav,bed
c0fb6812_nohash_1.wav,bed
c120e80e_nohash_0.wav,bed
c1d39ce8_nohash_0.wav,bed
c1d39ce8_nohash_1.wav,bed
c1e0e8e3_nohash_0.wav,bed
c1eebc0b_nohash_0.wav,bed
c205e625_nohash_0.wav,bed
c205e625_nohash_1.wav,bed
c22d3f18_nohash_0.wav,bed
c245d3d7_nohash_0.wav,bed
c245d3d7_nohash_1.wav,bed
c24d96eb_nohash_0.wav,bed
c256377f_nohash_0.wav,bed
c256377f_nohash_1.wav,bed
c25a032b_nohash_0.wav,bed